Open,Close,High,Low,Volume,Date
0,2302.35,2334,2302.35,1,249.00,04/11/23
0,2335.9,2362.75,2330.15,1,369.00,04/06/23
0,2333.5,2364.77,2333.25,1,510.00,04/05/23
0,2366.53,2393.85,2358.34,1,381.00,04/04/23
0,2400.17,2430,2392.25,1,508.00,04/03/23
0,2399.48,2413.44,2375,1,713.00,03/31/23
0,2386.11,2392.34,2378.53,1,690.00,03/30/23
0,2379.85,2420,2377.68,1,494.00,03/29/23
0,2389,2389.2,2353.65,1,168.00,03/28/23
0,2363.65,2366.5,2325.65,1,062.00,03/27/23
0,2336.85,2348.81,2312.35,573.00,03/24/23
0,2328.4,2342.15,2295.75,1,487.00,03/23/23
0,2289.35,2291.75,2268.6,1,062.00,03/22/23
0,2268.78,2292,2265.25,2,489.00,03/21/23
0,2274.35,2289.08,2272.65,1,804.00,03/20/23
0,2276.35,2295.69,2273.45,1,729.00,03/17/23
0,2267.35,2292.35,2267.3,1,424.00,03/16/23
0,2276.4,2353.37,2263.01,1,243.00,03/15/23
0,2350.4,2354.35,2310.35,1,296.00,03/14/23
0,2335.4,2335.4,2281.81,1,579.00,03/13/23
0,2309.79,2313.15,2293.15,1,409.00,03/10/23
0,2336.5,2348.24,2327.8,945.00,03/09/23
0,2348.8,2357.85,2317.19,908.00,03/08/23
0,2346.6,2387.25,2346.6,1,384.00,03/07/23
0,2385.78,2386.93,2358.15,1,376.00,03/06/23
0,2405.15,2417.85,2396.65,1,457.00,03/03/23
0,2405.61,2443.92,2392.71,1,407.00,03/02/23
0,2435.35,2442.5,2398.75,1,692.00,03/01/23
0,2370.99,2374.75,2345,1,248.00,02/28/23
0,2365.06,2365.06,2353.25,1,059.00,02/27/23
0,2334.35,2377.5,2330.25,661.00,02/24/23
0,2396.3,2408,2389,759.00,02/23/23
0,2417.8,2451.34,2410,1,203.00,02/22/23
0,2465.16,2476,2442.25,1,041.00,02/21/23
0,2454.65,2457.35,2414,606.00,02/20/23
0,2382.32,2399.5,2372.85,1,422.00,02/17/23
0,2406.84,2423.75,2372.25,847.00,02/16/23
0,2389.19,2416.75,2384.35,1,001.00,02/15/23
0,2417.45,2430,2403.68,1,359.00,02/14/23
0,2412.35,2429.5,2412.3,1,064.00,02/13/23
0,2440.35,2485.04,2427.98,1,613.00,02/10/23
0,2496.55,2503.57,2465,1,353.00,02/09/23
0,2484.07,2535.24,2472.25,998.00,02/08/23
0,2507.15,2537.5,2507.15,1,027.00,02/07/23
0,2534.24,2552.53,2517.15,961.00,02/06/23
0,2587.13,2595.5,2566.25,682.00,02/03/23
0,2610.26,2645.85,2593,849.00,02/02/23
0,2608.15,2643.25,2608.15,1,222.00,02/01/23
0,2573.6,2644.2,2563.34,2,155.00,01/31/23
0,2561,2622.01,2561,1,588.00,01/30/23
0,2627.54,2646.85,2626.8,668.00,01/27/23
0,2638.85,2655,2597.7,985.00,01/26/23
0,2653.2,2658.7,2628.02,1,207.00,01/25/23
0,2651.32,2651.32,2626.3,679.00,01/24/23
0,2635.15,2636.7,2619,742.00,01/23/23
0,2610.65,2624.85,2585,1,019.00,01/20/23
0,2587.5,2616.25,2557.57,1,387.00,01/19/23
0,2615,2666.77,2585.15,1,714.00,01/18/23
0,2615.98,2618.7,2584.75,984.00,01/17/23
0,2625.73,2625.73,2584.25,1,105.00,01/16/23
0,2595,2595,2535.23,1,449.00,01/13/23
0,2542.12,2548.65,2473.15,1,243.00,01/12/23
0,2495.6,2510.2,2449.92,1,922.00,01/11/23
0,2463.3,2469.32,2414.15,1,838.00,01/10/23
0,2421.65,2438.65,2329.54,1,211.00,01/09/23
0,2307.32,2308.35,2263.95,1,014.00,01/06/23
0,2258.35,2304,2255.35,1,096.00,01/05/23
0,2266.5,2322.27,2265.9,1,248.00,01/04/23
0,2318.5,2384.85,2310.85,1,407.00,01/03/23
0,2377.85,2424.1,2375.15,906.00,12/30/22
0,2404.85,2407.68,2373.15,886.00,12/29/22
0,2381.1,2426.56,2370.75,960.00,12/28/22
0,2394.5,2407,2371.85,882.00,12/23/22
0,2406.2,2409.85,2382.85,1,471.00,12/22/22
0,2398.56,2398.75,2383.15,863.00,12/21/22
0,2389.73,2400,2367.9,1,033.00,12/20/22
0,2375.14,2388.5,2360.85,1,427.00,12/19/22
0,2392.97,2418.25,2374.85,1,580.00,12/16/22
0,2403.63,2442.4,2383.8,1,709.00,12/15/22
0,2446.59,2452.68,2426.15,826.00,12/14/22
0,2460.85,2477.24,2413.15,1,273.00,12/13/22
0,2413.8,2454.65,2405.95,1,456.00,12/12/22
0,2473.85,2495.85,2473.85,831.00,12/09/22
0,2498.85,2525.85,2489.02,444.00,12/08/22
0,2494.35,2506.85,2472.9,1,016.00,12/07/22
0,2508.5,2519.37,2477.65,1,151.00,12/06/22
0,2522.35,2570.85,2425.23,979.00,12/05/22
0,2474.85,2545.7,2450.98,2,709.00,12/02/22
0,2485.68,2560.67,2374,1,203.00,12/01/22
0,2485,2495,2399.06,1,466.00,11/30/22
0,2379.65,2396.6,2368.15,560.00,11/29/22
0,2362.65,2364.15,2349.5,831.00,11/28/22
0,2362.35,2386,2358.5,838.00,11/25/22
0,2367.35,2417.85,2367.35,601.00,11/24/22
0,2392.15,2438.25,2142.11,1,002.00,11/23/22
0,2427.34,2429.2,2371.75,491.00,11/22/22
0,2361.8,2399.07,2354.75,916.00,11/21/22
0,2394.71,2430.57,2382.09,803.00,11/18/22
0,2382.32,2414.85,2365.75,989.00,11/17/22
0,2409.78,2455.1,2384.75,1,019.00,11/16/22
0,2435,2475.95,2434.8,2,302.00,11/15/22
0,2434.48,2473.85,2409,256.00,11/14/22
0,2463.65,2472.6,2346.75,756.00,11/11/22
0,2322.97,2338.85,2281.95,1,087.00,11/10/22
0,2318.85,2384.85,2317.15,1,206.00,11/09/22
0,2356.15,2375.5,2317.65,1,449.00,11/08/22
0,2323.33,2337.21,2301.3,768.00,11/07/22
0,2350.53,2356.82,2282.85,885.00,11/04/22
0,2264.15,2267.5,2224.25,818.00,11/03/22
0,2256.39,2269.92,2237.75,1,161.00,11/02/22
0,2247.15,2264.75,2232,1,078.00,11/01/22
0,2211.1,2227.99,2199.53,1,294.00,10/31/22
0,2220.23,2258,2211.35,954.00,10/28/22
0,2287.35,2330.43,2287.35,315.00,10/27/22
0,2329.75,2335.15,2260.75,1,167.00,10/26/22
0,2218.77,2236.62,2168.27,2,151.00,10/25/22
0,2181.25,2190.12,2174.8,1,272.00,10/24/22
0,2215.21,2227.13,2171,582.00,10/21/22
0,2209.7,2228,2207.5,926.00,10/20/22
0,2170.5,2196,2170.25,1,068.00,10/19/22
0,2183,2222.26,2183,1,616.00,10/18/22
0,2227.35,2264.69,2216,1,701.00,10/17/22
0,2327.57,2386.95,2300,1,162.00,10/14/22
0,2364.85,2390.15,2297.8,1,066.00,10/13/22
0,2204.69,2311,2204.69,1,328.00,10/12/22
0,2236,2236.2,2200,1,288.00,10/11/22
0,2260,2289.85,2260,896.00,10/10/22
0,2330.43,2351.75,2298.75,1,011.00,10/07/22
0,2362.65,2391.75,2342.15,561.00,10/06/22
0,2298.15,2370.5,2271.85,1,141.00,10/05/22
0,2349.79,2349.79,2270.75,958.00,10/04/22
0,2224.35,2224.35,2142.38,1,228.00,10/03/22
0,2149.85,2224.81,2149.85,765.00,09/30/22
0,2197,2272.15,2126.08,1,306.00,09/29/22
0,2115.53,2134.25,2092,1,104.00,09/28/22
0,2111.32,2139.08,2111.32,1,033.00,09/27/22
0,2139.35,2161.29,2135.98,667.00,09/26/22
0,2165.15,2205.18,2159.86,1,242.00,09/23/22
0,2231.04,2232.58,2209.1,575.00,09/22/22
0,2215.91,2246.5,2201,1,879.00,09/21/22
0,2245.5,2265.7,2244.65,1,090.00,09/20/22
0,2249.34,2277.51,2245.75,771.00,09/19/22
0,2276.85,2285.9,2260.6,742.00,09/16/22
0,2310.38,2310.38,2281,2,067.00,09/15/22
0,2270.35,2307.35,2227.4,1,207.00,09/14/22
0,2313,2329,2305.45,957.00,09/13/22
0,2290.28,2309.5,2282.8,925.00,09/12/22
0,2290.25,2311.48,2270.5,1,191.00,09/09/22
0,2267.35,2278.83,2267.35,592.00,09/08/22
0,2244.52,2251.13,2234.85,989.00,09/07/22
0,2259.82,2288.16,2259.82,1,026.00,09/06/22
0,2289.15,2294.08,2285.35,215.00,09/05/22
0,2295.65,2308.83,2295.35,1,088.00,09/02/22
0,2300.72,2324.54,2290,1,430.00,09/01/22
0,2370.85,2401.87,2344.5,1,244.00,08/31/22
0,2395.11,2405.95,2390.85,1,176.00,08/30/22
0,2493.65,2502,2432.09,941.00,08/26/22
0,2433.65,2434.27,2426.48,332.00,08/25/22
0,2430,2440.36,2413,537.00,08/24/22
0,2427.65,2436.5,2392.75,1,224.00,08/23/22
0,2387.25,2397.71,2380,964.00,08/22/22
0,2386.2,2398,2373,972.00,08/19/22
0,2404.65,2413.65,2381.65,400.00,08/18/22
0,2411,2439.75,2407.15,635.00,08/17/22
0,2392,2442.6,2391.8,1,433.00,08/16/22
0,2384,2395.24,2383.85,826.00,08/15/22
0,2487.09,2516.5,2434.3,742.00,08/12/22
0,2511.6,2520.7,2491.8,1,003.00,08/11/22
0,2489.65,2489.7,2448,1,073.00,08/10/22
0,2492.59,2492.59,2441.25,775.00,08/09/22
0,2445.65,2445.7,2432.41,765.00,08/08/22
0,2418.65,2442,2415.85,409.00,08/05/22
0,2402.8,2410,2372.5,1,171.00,08/04/22
0,2377.85,2408.36,2377.8,795.00,08/03/22
0,2414.3,2437,2414.3,860.00,08/02/22
0,2448.84,2457.12,2430.3,942.00,08/01/22
0,2460.85,2488.03,2437,1,218.00,07/29/22
0,2471.6,2481.83,2442.25,1,374.00,07/28/22
0,2420.95,2425.64,2385,1,020.00,07/27/22
0,2423.65,2436.54,2415.15,1,123.00,07/26/22
0,2409.15,2442.05,2408.3,404.00,07/25/22
0,2475.7,2475.7,2436.71,587.00,07/22/22
0,2428.77,2432.35,2407.15,530.00,07/21/22
0,2447,2453.32,2406.83,975.00,07/20/22
0,2385.5,2426.75,2385.5,928.00,07/19/22
0,2431.15,2455.85,2362.9,1,197.00,07/18/22
0,2339.43,2346.15,2316.65,1,182.00,07/15/22
0,2340.99,2346.95,2336.35,944.00,07/14/22
0,2369.31,2369.31,2355,1,211.00,07/13/22
0,2359.85,2385.75,2358.43,1,613.00,07/12/22
0,2381.38,2427,2375,1,062.00,07/11/22
0,2436.65,2448.75,2412,1,120.00,07/08/22
0,2442.7,2466.33,2409.5,654.00,07/07/22
0,2388.07,2409.7,2379.3,1,206.00,07/06/22
0,2392,2430.45,2387.05,1,276.00,07/05/22
0,2463.85,2488.25,2450,398.00,07/04/22
0,2397.69,2444.75,2397.69,2,455.00,07/01/22
0,2431.33,2451.15,2418.48,1,395.00,06/30/22
0,2470.85,2476.42,2467.15,1,175.00,06/29/22
0,2490.85,2523,2478.5,1,422.00,06/28/22
0,2474.77,2503.5,2473.98,1,402.00,06/27/22
0,2455.85,2477.45,2430.25,695.00,06/24/22
0,2477.35,2529,2477,833.00,06/23/22
0,2479.5,2508,2469.55,2,126.00,06/22/22
0,2533.65,2548,2513,1,857.00,06/21/22
0,2527,2529.19,2480.3,858.00,06/20/22
0,2497.85,2522.36,2497.85,530.00,06/17/22
0,2504.5,2636.75,2504,1,111.00,06/16/22
0,2583.98,2612.5,2563.5,1,655.00,06/15/22
0,2566.8,2643,2560.01,1,598.00,06/14/22
0,2638.37,2653,2605.25,1,599.00,06/13/22
0,2685.69,2744,2669.5,229.00,06/10/22
0,2760.85,2837.75,2751.5,1,470.00,06/09/22
0,2802.69,2839,2765.4,891.00,06/08/22
0,2751.79,2785.5,2744.6,1,820.00,06/07/22
0,2782.65,2809.42,2733.5,1,606.00,06/06/22
0,2726.15,2811.75,2723,1,313.00,06/01/22
0,2787,2868.09,2786,1,375.00,05/31/22
0,2904.85,2908,2888.3,276.00,05/30/22
0,2871.35,2891,2845.85,614.00,05/27/22
0,2862.58,2869,2856.3,278.00,05/26/22
0,2871.86,2883.5,2827,1,567.00,05/25/22
0,2878.51,2938.68,2878.51,1,272.00,05/24/22
0,2973.21,2994.75,2936.5,1,328.00,05/23/22
0,2977.78,2985.3,2915.25,1,697.00,05/20/22
0,2861.85,2911.5,2837,765.00,05/19/22
0,2878.16,2911.5,2833,784.00,05/18/22
0,2890.65,2890.65,2822,1,289.00,05/17/22
0,2831.8,2838,2811.5,663.00,05/16/22
0,2833.36,2833.7,2737.83,1,287.00,05/13/22
0,2790.13,2790.13,2722,1,111.00,05/12/22
0,2777.57,2805,2760.17,1,730.00,05/11/22
0,2753.65,2770.5,2710.5,1,415.00,05/10/22
0,2753.33,2827.5,2748,1,568.00,05/09/22
0,2841.85,2939.75,2840.5,1,573.00,05/06/22
0,2903.35,3025.25,2895,561.00,05/05/22
0,2952.28,2990.5,2910.5,1,388.00,05/04/22
0,2911,3034.35,2910.85,1,279.00,05/03/22
0,3048.9,3067.75,3018,2,063.00,04/29/22
0,3039.69,3134.75,3027.5,593.00,04/28/22
0,3104.44,3116.15,3088.55,565.00,04/27/22
0,3079.35,3156.15,3039,1,365.00,04/26/22
0,3094.6,3186.75,3075.5,837.00,04/25/22
0,3246.05,3306,3244,932.00,04/22/22
0,3298.15,3298.15,3249.15,409.00,04/21/22
0,3264.25,3273,3228,698.00,04/20/22
0,3263.94,3345,3246.5,926.00,04/19/22
0,3293.25,3300.21,3248.5,1,232.00,04/14/22
0,3233.26,3290.9,3229,842.00,04/13/22
0,3243.27,3282,3232.68,1,214.00,04/12/22
0,3247.85,3317.5,3223.45,1,214.00,04/11/22
0,3376.85,3422.25,3374.5,1,638.00,04/08/22
0,3384.85,3451.85,3354.23,1,747.00,04/07/22
0,3464.68,3494,3439,636.00,04/06/22
0,3464.8,3515,3440.35,1,162.00,04/05/22
0,3468.05,3488,3430,706.00,04/04/22
0,3442.37,3517,3442.37,730.00,04/01/22
0,3490.85,3587,3480.28,1,379.00,03/31/22
0,3551,3557.5,3487.75,473.00,03/30/22
0,3441.15,3630.99,3414.67,2,008.00,03/29/22
0,3615.1,3617.15,3585,755.00,03/28/22
0,3613.84,3620,3577,620.00,03/25/22
0,3590.93,3699.63,3582.15,534.00,03/24/22
0,3683.79,3691.5,3505.5,283.00,03/23/22
0,3504.5,3567,3499.5,1,306.00,03/22/22
0,3521,3551,3495.5,1,879.00,03/21/22
0,3398.63,3443,3379.15,347.00,03/18/22
0,3384.5,3384.75,3294,831.00,03/17/22
0,3271.75,3360.5,3256,961.00,03/16/22
0,3277.5,3358.75,3243.25,1,273.00,03/15/22
0,3330.15,3487.75,3306.35,1,911.00,03/14/22
0,3489.28,3500,3390.15,1,005.00,03/11/22
0,3427.5,3554.3,3306.75,948.00,03/10/22
0,3311.4,3541,3311.4,1,435.00,03/09/22
0,3502.94,3794.75,3477,1,350.00,03/08/22
0,3740.15,4062.5,3701.5,762.00,03/07/22
0,3849,3860.15,3804.19,1,087.00,03/04/22
0,3732.3,3744,3581,1,081.00,03/03/22
0,3530.07,3580.85,3478,1,112.00,03/02/22
0,3462.37,3488,3381,1,483.00,03/01/22
0,3378.8,3515,3368.3,1,959.00,02/28/22
0,3371.98,3384.5,3298,1,319.00,02/25/22
0,3397.23,3445.5,3290.15,1,596.00,02/24/22
0,3298.97,3309.85,3265,1,349.00,02/23/22
0,3303,3366.5,3293,1,501.00,02/22/22
0,3280.6,3284,3255,660.00,02/21/22
0,3253.6,3278.81,3244.28,1,761.00,02/18/22
0,3268.15,3274.18,3227.25,1,180.00,02/17/22
0,3255.8,3256.2,3206,509.00,02/16/22
0,3189.65,3221.02,3173,727.00,02/15/22
0,3202.85,3231.85,3164,1,600.00,02/14/22
0,3136.65,3201.25,3136.5,2,483.00,02/11/22
0,3237.4,3326.28,3237.4,3,772.00,02/10/22
0,3265.8,3268.5,3172.85,3,097.00,02/09/22
0,3182.8,3233.5,3153,6,326.00,02/08/22
0,3119.55,3132.5,3093,2,420.00,02/07/22
0,3074.1,3081.5,3054.36,732.00,02/04/22
0,3027,3050.15,3002.98,960.00,02/03/22
0,2986,3049.85,2965.98,1,132.00,02/02/22
0,3045.32,3061.42,3031.5,806.00,02/01/22
0,3028.65,3081,3020.85,2,110.00,01/31/22
0,3082.35,3119.48,3082.35,756.00,01/28/22
0,3095.99,3115.64,3065.71,1,246.00,01/27/22
0,3093.85,3116.5,3076.15,935.00,01/26/22
0,3082.38,3094.55,3030.23,1,198.00,01/25/22
0,3028.5,3032.22,3010.5,666.00,01/24/22
0,3034.05,3090.35,3029,1,079.00,01/21/22
0,3115.94,3115.94,3025.25,2,871.00,01/20/22
0,3051.15,3052.68,3006.75,1,550.00,01/19/22
0,3025.85,3034.15,3005.5,1,940.00,01/18/22
0,2995.92,3001,2962.05,932.00,01/17/22
0,2964.17,2982.44,2951.15,635.00,01/14/22
0,2952.15,2972,2945.5,1,312.00,01/13/22
0,2982.5,0,0,,01/12/22
0,2970,0,0,,01/11/22
0,2942.66,2954.75,2934.1,419.00,01/10/22
0,2917.23,2968.85,2902.5,859.00,01/07/22
0,2926.91,2926.91,2878.5,1,224.00,01/06/22
0,2916.85,2932.65,2843,1,791.00,01/05/22
0,2837.86,2839.2,2816.26,717.00,01/04/22
0,2818.45,2827.85,2807.25,681.00,12/31/21
0,2818.15,2828.28,2812,889.00,12/30/21
0,2820.45,2822.5,2801.78,1,365.00,12/29/21
0,2836.85,2848.26,2814.63,912.00,12/24/21
0,2846,2846.86,2828.5,1,359.00,12/23/21
0,2824.5,2839.5,2788,1,827.00,12/22/21
0,2753.85,2762.5,2674.75,1,019.00,12/21/21
0,2715,2730.25,2670.85,1,109.00,12/20/21
0,2724.3,2742.69,2667.04,1,032.00,12/17/21
0,2667,2678,2622,1,072.00,12/16/21
0,2603,2612.87,2589.12,2,033.00,12/15/21
0,2628.5,2665.25,2627.7,1,043.00,12/14/21
0,2652.97,2656.92,2610,1,691.00,12/13/21
0,2606.5,2638,2606.35,1,481.00,12/10/21
0,2626.5,2640,2618,931.00,12/09/21
0,2633.35,2633.35,2619,796.00,12/08/21
0,2628.65,2628.7,2597.03,985.00,12/07/21
0,2592.85,2598.85,2584.5,707.00,12/06/21
0,2621.45,2646,2611,815.00,12/03/21
0,2607.65,2664.75,2599.8,1,310.00,12/02/21
0,2664.65,2666.03,2629.61,1,984.00,12/01/21
0,2626.65,2656.45,2617.53,220.00,11/30/21
0,2629.8,2657.99,2611,1,100.00,11/29/21
0,2624.93,2707.6,2614.8,1,226.00,11/26/21
0,2706.74,2734.85,2701,377.00,11/25/21
0,2703.85,2706.85,2683.5,1,474.00,11/24/21
0,2672.85,2708,2667.1,1,071.00,11/23/21
0,2684.88,2706,2647.5,548.00,11/22/21
0,2675.9,2692,2642.01,780.00,11/19/21
0,2600.29,2625,2573,914.00,11/18/21
0,2611.43,2622.35,2583.75,789.00,11/17/21
0,2570.98,2653.75,2570.98,965.00,11/16/21
0,2656.85,2711.75,2643,1,016.00,11/15/21
0,2700,2707,2642.5,1,412.00,11/12/21
0,2659.43,2667,2602.75,1,078.00,11/11/21
0,2581.02,2592.72,2574,418.00,11/10/21
0,2561.33,2613,2545,1,586.00,11/09/21
0,2605,2609.59,2540.21,854.00,11/08/21
0,2554.48,2580,2520.85,1,153.00,11/05/21
0,2564.39,2676,2553.41,1,473.00,11/04/21
0,2659.75,2736,2655.85,1,183.00,11/03/21
0,2692.35,2719.1,2692.35,1,245.00,11/02/21
0,2714.5,2767.15,2714.5,891.00,11/01/21
0,2716.25,2740.27,2669,1,274.00,10/29/21
0,2762.44,2765,2605.5,1,608.00,10/28/21
0,2684.23,2835,2669,2,320.00,10/27/21
0,2834.37,2876.5,2828.85,1,148.00,10/26/21
0,2875.5,2943.96,2873.25,882.00,10/25/21
0,2868.15,2956.85,2863,1,175.00,10/22/21
0,2910.5,3118.75,2910.3,1,350.00,10/21/21
0,3069.35,3095.8,3013,1,338.00,10/20/21
0,3108.63,3211,3106.72,2,094.00,10/19/21
0,3167.7,3200.16,3154.98,1,701.00,10/18/21
0,3164.5,3190,3098.62,1,447.00,10/15/21
0,3122.15,3171.85,3088,1,380.00,10/14/21
0,3063.74,3100,3000.98,915.00,10/13/21
0,3063.89,3106.5,3032.5,1,694.00,10/12/21
0,3049.76,3065.65,2950.5,1,781.00,10/11/21
0,2957.85,2965.85,2917,944.00,10/08/21
0,2945.65,2946.15,2902.5,1,292.00,10/07/21
0,2897.3,2917.41,2882.5,594.00,10/06/21
0,2921,2924.85,2894,1,264.00,10/05/21
0,2916.15,2927,2873.15,501.00,10/04/21
0,2849.65,2882,2829,508.00,10/01/21
0,2858.5,2909.66,2831,2,138.00,09/30/21
0,2912.85,2941,2910.76,812.00,09/29/21
0,2944.5,2945,2874.75,1,243.00,09/28/21
0,2891.1,2915.73,2883.35,1,116.00,09/27/21
0,2926.85,2935.5,2891.25,845.00,09/24/21
0,2949.5,2961.56,2949.25,1,683.00,09/23/21
0,2938.35,2942,2897.5,674.00,09/22/21
0,2846,2896.5,2838,903.00,09/21/21
0,2863,2883,2836,1,005.00,09/20/21
0,2886.15,2930.75,2874.25,1,436.00,09/17/21
0,2882.05,2899.2,2854.5,730.00,09/16/21
0,2893,2923,2837.75,3,500.00,09/15/21
0,2830.85,2888.38,2826,1,557.00,09/14/21
0,2891.59,2992.46,2889.21,2,782.00,09/13/21
0,2916.07,2928.35,2872.38,1,240.00,09/10/21
0,2839.5,2841.71,2808.25,1,025.00,09/09/21
0,2795.89,2806.85,2772,1,025.00,09/08/21
0,2756.85,2776.5,2756.8,676.00,09/07/21
0,2764.51,2779.64,2756,769.00,09/06/21
0,2727.15,2728,2680.85,1,087.00,09/03/21
0,2701.85,2729.75,2694.85,620.00,09/02/21
0,2689.85,2713.87,2664,628.00,09/01/21
0,2709.57,2719.5,2689,1,580.00,08/31/21
0,2649.5,2670,2633.75,1,535.00,08/27/21
0,2619.5,2632.16,2600,1,517.00,08/26/21
0,2617.3,2631.26,2604.25,1,036.00,08/25/21
0,2614.85,2627.15,2606.7,2,020.00,08/24/21
0,2602.15,2602.15,2571.75,1,050.00,08/23/21
0,2565.87,2568,2546.5,741.00,08/20/21
0,2538.95,2568.75,2520,1,293.00,08/19/21
0,2555.15,2583,2554.85,979.00,08/18/21
0,2599.5,2632,2599.3,1,012.00,08/17/21
0,2605.22,2626.15,2600,1,602.00,08/16/21
0,2599.85,2600.1,2588.75,905.00,08/13/21
0,2582.35,2600.15,2575.68,626.00,08/12/21
0,2585.7,2591,2577.35,464.00,08/11/21
0,2574.7,2585.75,2557.25,567.00,08/10/21
0,2547.45,2561,2545.18,619.00,08/09/21
0,2598.5,2621.65,2598.5,280.00,08/06/21
0,2587.8,2589.2,2571.25,1,061.00,08/05/21
0,2563.01,2581.75,2563.01,573.00,08/04/21
0,2586,2601,2585.8,861.00,08/03/21
0,2615.85,2628.65,2615.15,677.00,08/02/21
0,2590.15,2633.3,2590,2,775.00,07/30/21
0,2582.74,2591.65,2538.15,2,106.00,07/29/21
0,2526.28,2537.2,2491.06,1,381.00,07/28/21
0,2500.5,2521.5,2485.1,784.00,07/27/21
0,2522.15,2522.15,2492.85,685.00,07/26/21
0,2496.74,2504.85,2478.75,471.00,07/23/21
0,2462.15,2483.15,2455.62,665.00,07/22/21
0,2456,2460.96,2440.5,318.00,07/21/21
0,2455.09,2465.65,2436.08,1,234.00,07/20/21
0,2432.85,2465.1,2425.35,1,668.00,07/19/21
0,2507.68,2524.75,2488.35,1,106.00,07/16/21
0,2519,2533.1,2510.3,1,164.00,07/15/21
0,2531.05,2534.15,2521.25,710.00,07/14/21
0,2529.05,2535.6,2486.75,626.00,07/13/21
0,2489.5,2492.5,2468.35,1,107.00,07/12/21
0,2503.32,2503.32,2457,473.00,07/09/21
0,2453.85,2461.5,2441.9,1,171.00,07/08/21
0,2510,2528.15,2493.88,600.00,07/07/21
0,2530,2556.89,2516.18,1,244.00,07/06/21
0,2555.85,2572.25,2555.8,421.00,07/05/21
0,2543.65,2562.15,2523.1,1,360.00,07/02/21
0,2512,2512,2497.35,306.00,07/01/21
0,2505.1,2551,2505,1,019.00,06/30/21
0,2551.5,2551.65,2512.75,844.00,06/29/21
0,2486.63,2505,2477.35,789.00,06/28/21
0,2485.85,2492,2440.05,2,065.00,06/25/21
0,2430.15,2440,2423.85,1,143.00,06/24/21
0,2434.77,2439.65,2415.85,472.00,06/23/21
0,2407.83,2425.15,2402.85,1,162.00,06/22/21
0,2372,2405.63,2357.05,327.00,06/21/21
0,2384.85,2397.5,2378.55,462.00,06/18/21
0,2361.65,2455.55,2361.65,304.00,06/17/21
0,2451.05,2476.15,2443.89,526.00,06/16/21
0,2465.15,2476.95,2442.85,1,238.00,06/15/21
0,2494,2494.2,2472,1,321.00,06/14/21
0,2460,2502,2460,457.00,06/11/21
0,2460.29,2476,2439.13,747.00,06/10/21
0,2458.65,2458.7,2442.17,796.00,06/09/21
0,2431.45,2443.4,2415,358.00,06/08/21
0,2425.85,2439.17,2418.35,547.00,06/07/21
0,2442.15,2455.2,2395.85,688.00,06/04/21
0,2408.59,2449.75,2400.67,724.00,06/03/21
0,2439.05,2480.75,2439.05,731.00,06/02/21
0,2503,2503,2468.85,1,303.00,06/01/21
0,2483,2489.75,2433.85,789.00,05/28/21
0,2480.8,2481.2,2420.85,1,310.00,05/27/21
0,2404.15,2404.15,2370.85,1,357.00,05/26/21
0,2367.13,2381.6,2351.75,1,293.00,05/25/21
0,2387,2396.14,2315,954.00,05/24/21
0,2382,2434.15,2361.15,826.00,05/21/21
0,2357.65,2437.45,2357.65,559.00,05/20/21
0,2426.56,2476.25,2407.98,842.00,05/19/21
0,2484.75,2513.25,2466.25,1,176.00,05/18/21
0,2504.35,2504.35,2460.57,1,078.00,05/17/21
0,2454.9,2465.75,2408.75,720.00,05/14/21
0,2451.7,2507.75,2428.65,745.00,05/13/21
0,2492.65,2539.25,2480.65,825.00,05/12/21
0,2527.72,2564.85,2520.85,754.00,05/11/21
0,2525.59,2598.62,2520.75,1,165.00,05/10/21
0,2540.48,2547.85,2508.25,685.00,05/07/21
0,2488.33,2491,2441.25,680.00,05/06/21
0,2444.7,2444.7,2434.03,968.00,05/05/21
0,2428.75,2438.85,2427.5,1,323.00,05/04/21
0,2418.65,2438.15,2397,1,314.00,04/30/21
0,2416.8,2429.5,2407.75,1,130.00,04/29/21
0,2399.5,2399.5,2396.04,595.00,04/28/21
0,2395.85,2410.12,2386.35,1,534.00,04/27/21
0,2403.5,2403.5,2393.35,685.00,04/26/21
0,2382.34,2385.25,2364.3,1,269.00,04/23/21
0,2363,2373.32,2355.25,845.00,04/22/21
0,2364.5,2364.5,2315.75,888.00,04/21/21
0,2326.4,2330.15,2308.5,998.00,04/20/21
0,2341.32,2343,2311.85,805.00,04/19/21
0,2318.25,2330.13,2314.85,638.00,04/16/21
0,2340.03,2356.85,2333.33,732.00,04/15/21
0,2323.7,2323.7,2300,699.00,04/14/21
0,2293,2293.15,2273.88,786.00,04/13/21
0,2251.68,2270.25,2244.75,1,128.00,04/12/21
0,2263.8,2278.25,2263.8,766.00,04/09/21
0,2279.13,2284,2258.75,726.00,04/08/21
0,2267.85,2270,2258.98,546.00,04/06/21
0,2225.65,2236.35,2220.95,512.00,04/01/21
0,2213.44,2235,2211.8,1,048.00,03/31/21
0,2231,2261.81,2230.8,710.00,03/30/21
0,2266,2290.49,2265.8,369.00,03/29/21
0,2298.15,2298.2,2267,1,188.00,03/26/21
0,2243.98,2247.66,2235.35,1,255.00,03/25/21
0,2258,2258,2209.32,393.00,03/24/21
0,2231.5,2238.53,2209.5,1,208.00,03/23/21
0,2272,2286.68,2256.5,692.00,03/22/21
0,2265.5,2265.5,2210.25,795.00,03/19/21
0,2222.65,2226.3,2209.25,979.00,03/18/21
0,2227.5,2241.25,2217.37,820.00,03/17/21
0,2202.3,2219.9,2189.2,1,721.00,03/16/21
0,2217.8,2218.2,2185,1,199.00,03/15/21
0,2171.15,2174.2,2163.9,448.00,03/12/21
0,2177.85,2184.75,2167.5,1,310.00,03/11/21
0,2168.2,2179,2168.2,580.00,03/10/21
0,2165.25,2173.25,2131.5,1,082.00,03/09/21
0,2183,2197,2163.35,671.00,03/08/21
0,2162.38,2176,2134.75,907.00,03/05/21
0,2170.71,2209.5,2150.86,1,863.00,03/04/21
0,2200,2228.25,2200,1,374.00,03/03/21
0,2211.5,2224.5,2112.75,2,083.00,03/02/21
0,2153.27,2165.35,2129.35,1,044.00,03/01/21
0,2154.35,2214.75,2154.35,1,356.00,02/26/21
0,2230.34,2239.5,2219.85,1,082.00,02/25/21
0,2178,2184.65,2144.57,1,239.00,02/24/21
0,2127.28,2153.68,2127.28,1,383.00,02/23/21
0,2166.5,2166.65,2153.5,953.00,02/22/21
0,2132.96,2161,2127.35,2,385.00,02/19/21
0,2136.86,2162,2128.75,422.00,02/18/21
0,2115,2115.15,2083,1,883.00,02/17/21
0,2086.65,2086.7,2073.5,586.00,02/16/21
0,2083.35,2088.01,2080.18,637.00,02/15/21
0,2089.35,2089.85,2080.5,599.00,02/12/21
0,2079.5,2080.65,2065.15,993.00,02/11/21
0,2077.46,2079.2,2068.5,708.00,02/10/21
0,2054.15,2055.05,2034.25,781.00,02/09/21
0,2027.75,2034.68,2027.09,555.00,02/08/21
0,2015.65,2015.65,2000,604.00,02/05/21
0,1996,1996,1982.93,1,257.00,02/04/21
0,1973.5,1976.2,1961.5,966.00,02/03/21
0,1972.65,1975.15,1958.84,1,360.00,02/02/21
0,1969,1994,1968.8,1,485.00,02/01/21
0,1998.62,2001.91,1977.3,1,265.00,01/29/21
0,1984.08,2000.2,1971.29,1,090.00,01/28/21
0,1995.39,2017.25,1987,689.00,01/27/21
0,2016.3,2020.15,2010.75,1,417.00,01/26/21
0,2007,2012.2,2004.15,921.00,01/25/21
0,1994.84,1995.4,1975.2,954.00,01/22/21
0,1997.15,2001.25,1992,1,146.00,01/21/21
0,1980.5,1983.05,1976.75,568.00,01/20/21
0,1964.2,1975,1957.13,2,313.00,01/19/21
0,1981.5,1984.35,1971.85,712.00,01/18/21
0,1990.85,2008.5,1990.85,810.00,01/15/21
0,2004,2015.75,2004,1,683.00,01/14/21
0,2011.8,2018.25,2005.75,1,845.00,01/13/21
0,2009,2027.2,2009,1,935.00,01/12/21
0,1999,2011.75,1999,1,750.00,01/11/21
0,2021.65,2032,2021.35,551.00,01/08/21
0,2025.6,2038,2020.25,642.00,01/07/21
0,2038.7,2068.15,2035.12,818.00,01/06/21
0,2040.35,2040.35,2028.55,627.00,01/05/21
0,2031.5,2031.65,1987.75,1,003.00,01/04/21
0,1979.35,1996.85,1979.03,986.00,12/31/20
0,1999.3,2003.5,1989.35,979.00,12/30/20
0,1991.15,2008.63,1989.4,1,151.00,12/29/20
0,2030,2030,2008.75,558.00,12/24/20
0,2008.15,2019,1994.41,850.00,12/23/20
0,1999.6,2021.25,1995.35,1,270.00,12/22/20
0,2026.53,2030.15,2017.9,541.00,12/21/20
0,2055.72,2076,2051.04,901.00,12/18/20
0,2064,2094.75,2031.75,2,105.00,12/17/20
0,2035,2048.77,2028.11,1,077.00,12/16/20
0,2031.43,2043.75,2028,876.00,12/15/20
0,2048.69,2054.15,2036.75,924.00,12/14/20
0,2026.85,2068.88,2021.91,497.00,12/11/20
0,2057.5,2061.65,2041.8,204.00,12/10/20
0,2035,2036.27,2001.75,381.00,12/09/20
0,1990.15,2008,1989.85,1,196.00,12/08/20
0,2017.1,2028.25,2015.55,875.00,12/07/20
0,2044.25,2044.25,2027.75,640.00,12/04/20
0,2024.2,2053.5,2012.5,1,236.00,12/03/20
0,2054.85,2078.5,2035,1,615.00,12/02/20
0,2064.65,2065.75,2045.4,1,524.00,12/01/20
0,2045,2045.15,2005.25,605.00,11/30/20
0,1998.65,2000,1982.25,3,077.00,11/27/20
0,1976.15,1983.75,1974.97,788.00,11/26/20
0,1970,1992.65,1966.85,1,063.00,11/25/20
0,1986.35,1989.53,1968.75,556.00,11/24/20
0,1984.08,1993.5,1973.3,708.00,11/23/20
0,1995.5,2003.25,1991.85,1,537.00,11/20/20
0,1992.5,1994.65,1986.6,1,319.00,11/19/20
0,1993.35,1998,1975.25,1,267.00,11/18/20
0,1977.65,1980,1950.03,4,292.00,11/17/20
0,1946.38,1951.15,1938.15,386.00,11/16/20
0,1931.85,1941,1928.5,842.00,11/13/20
0,1927.15,1932.2,1921.5,970.00,11/12/20
0,1918,1923.7,1915,432.00,11/11/20
0,1908,1908.2,1893.75,512.00,11/10/20
0,1893.35,1932.2,1893.3,1,227.00,11/09/20
0,1901.3,1907.75,1897.5,1,117.00,11/06/20
0,1897.35,1903.25,1888.5,941.00,11/05/20
0,1881.15,1908.5,1864.5,1,772.00,11/04/20
0,1905.5,1905.7,1863.25,1,386.00,11/03/20
0,1865.85,1868.5,1839.3,2,385.00,11/02/20
0,1848.35,1848.5,1802.25,1,316.00,10/30/20
0,1801.21,1813.75,1795.35,1,336.00,10/29/20
0,1809.5,1820.75,1805,868.00,10/28/20
0,1816.15,1834.75,1816.15,664.00,10/27/20
0,1827.35,1843.54,1827.35,670.00,10/26/20
0,1842.65,1842.86,1839,217.00,10/23/20
0,1846.35,1846.65,1839.75,483.00,10/22/20
0,1843.65,1854.7,1842.75,726.00,10/21/20
0,1834.5,1851.75,1834.35,1,478.00,10/20/20
0,1853.5,1862.25,1853.35,1,363.00,10/19/20
0,1870.65,1870.65,1851.5,1,386.00,10/16/20
0,1852,1854.2,1838,1,301.00,10/15/20
0,1850.25,1853.75,1849.25,1,748.00,10/14/20
0,1858.2,1858.2,1851.75,2,065.00,10/13/20
0,1855.3,1855.5,1837.58,2,282.00,10/12/20
0,1841.4,1852.17,1805.35,904.00,10/09/20
0,1804.35,1804.7,1796.35,852.00,10/08/20
0,1783.35,1791.15,1765.13,1,478.00,10/07/20
0,1764.8,1787.75,1764.8,894.00,10/06/20
0,1776.2,1781.05,1760.24,328.00,10/05/20
0,1767.85,1774.15,1730.75,1,632.00,10/02/20
0,1737,1767.75,1735,1,186.00,10/01/20
0,1765.75,1783.2,1764.8,1,839.00,09/30/20
0,1782.8,1783,1777.88,916.00,09/29/20
0,1775,1781.22,1765.17,1,089.00,09/28/20
0,1748.5,1757.25,1745.85,1,252.00,09/25/20
0,1749.3,1749.3,1734.8,1,258.00,09/24/20
0,1754.65,1771.75,1754.35,1,158.00,09/23/20
0,1776.65,1791.5,1776.35,1,062.00,09/22/20
0,1779.65,1800.2,1778.19,601.00,09/21/20
0,1792.3,1793.75,1784.75,1,754.00,09/18/20
0,1781,1794.75,1780.85,1,211.00,09/17/20
0,1791.25,1801,1791.25,1,244.00,09/16/20
0,1789.5,1807,1789.3,933.00,09/15/20
0,1800.65,1801.24,1779,629.00,09/14/20
0,1775,1785.35,1774.85,864.00,09/11/20
0,1780.25,1792.25,1773,1,197.00,09/10/20
0,1783.85,1787.5,1777.3,695.00,09/09/20
0,1791.85,1792,1777.96,664.00,09/08/20
0,1795.5,1803.7,1795.5,593.00,09/07/20
0,1786.65,1792.1,1778.57,531.00,09/04/20
0,1780.2,1796.5,1776,1,134.00,09/03/20
0,1786.2,1815,1785.85,345.00,09/02/20
0,1819.53,1823.75,1815.09,859.00,09/01/20
0,1801.25,1804.74,1797.3,846.00,08/28/20
0,1780.85,1781.2,1773.2,811.00,08/27/20
0,1780,1785.53,1778.8,514.00,08/26/20
0,1775.5,1775.5,1772.98,341.00,08/25/20
0,1770.35,1777.1,1770.35,429.00,08/24/20
0,1764.85,1797.4,1761.3,1,042.00,08/21/20
0,1789.35,1799.6,1778.75,1,933.00,08/20/20
0,1793.5,1795.82,1782.75,665.00,08/19/20
0,1774,1783.28,1759.75,1,893.00,08/18/20
0,1758.13,1758.13,1745.75,767.00,08/17/20
0,1745.85,1769.6,1745.85,572.00,08/14/20
0,1763.35,1787.63,1757.34,815.00,08/13/20
0,1787,1789.65,1776.25,1,298.00,08/12/20
0,1786,1786.2,1749.65,1,585.00,08/11/20
0,1785.8,1786.2,1753.45,1,318.00,08/10/20
0,1770.85,1780,1770.85,516.00,08/07/20
0,1777.65,1777.65,1758.25,639.00,08/06/20
0,1766.8,1778.65,1765.03,796.00,08/05/20
0,1770.2,1770.2,1747.15,573.00,08/04/20
0,1751.85,1752,1711,973.00,08/03/20
0,1713.35,1729,1713.35,2,312.00,07/31/20
0,1720.72,1730,1718.85,647.00,07/30/20
0,1724.85,1726.7,1724.85,695.00,07/29/20
0,1724,1724,1708.8,807.00,07/28/20
0,1708.2,1708.2,1700.35,407.00,07/27/20
0,1700,1705.2,1689,859.00,07/24/20
0,1701.2,1701.2,1697.35,226.00,07/23/20
0,1686.98,1699.75,1681,617.00,07/22/20
0,1696.35,1699.6,1669,974.00,07/21/20
0,1664.65,1664.7,1657.5,698.00,07/20/20
0,1661.65,1670.5,1654.3,1,440.00,07/17/20
0,1670.65,1675.65,1659.7,1,001.00,07/16/20
0,1680.15,1687.5,1680.15,430.00,07/15/20
0,1688.5,1688.5,1674.5,832.00,07/14/20
0,1689.85,1695.65,1664.65,757.00,07/13/20
0,1688.5,1693.5,1661.75,1,013.00,07/10/20
0,1664,1687,1663.85,1,113.00,07/09/20
0,1665.1,1670.15,1636,2,544.00,07/08/20
0,1634,1635.25,1629.5,583.00,07/07/20
0,1634.35,1634.7,1592.8,852.00,07/06/20
0,1614,1625.35,1612.75,886.00,07/03/20
0,1620.8,1623.75,1615.15,590.00,07/02/20
0,1621,1623.54,1593.3,942.00,07/01/20
0,1619.75,1625.35,1611.36,1,534.00,06/30/20
0,1608.8,1613.5,1603.04,1,283.00,06/29/20
0,1601.35,1605.2,1576,1,543.00,06/26/20
0,1569.85,1576,1563,496.00,06/25/20
0,1572.2,1595.5,1572.2,492.00,06/24/20
0,1594.85,1599.02,1592.5,1,388.00,06/23/20
0,1603,1603.18,1587.5,742.00,06/22/20
0,1591.9,1605,1578,793.00,06/19/20
0,1600,1611,1600,857.00,06/18/20
0,1607.35,1612.2,1598.8,1,394.00,06/17/20
0,1597.5,1612.85,1589.7,864.00,06/16/20
0,1577,1577,1565.92,909.00,06/15/20
0,1584.85,1594.5,1584.85,585.00,06/12/20
0,1601.35,1615.28,1598.8,952.00,06/11/20
0,1627.35,1639.2,1609,418.00,06/10/20
0,1605.65,1610,1588.5,722.00,06/09/20
0,1605.15,1609,1591.75,834.00,06/08/20
0,1591.35,1593.35,1564.5,1,218.00,06/05/20
0,1563.15,1574.71,1560,919.00,06/04/20
0,1568.7,1568.7,1549,904.00,06/03/20
0,1547,1555.2,1528.5,1,805.00,06/02/20
0,1541.23,1548.25,1536.8,1,263.00,06/01/20
0,1545.58,1551,1536,1,078.00,05/29/20
0,1536.85,1537.29,1523.85,685.00,05/28/20
0,1525,1530.2,1521,1,449.00,05/27/20
0,1519.4,1519.65,1512,1,129.00,05/26/20
0,1506.35,1517.25,1498,1,357.00,05/22/20
0,1520.85,1527,1507.5,1,688.00,05/21/20
0,1490.44,1512.7,1486.3,651.00,05/20/20
0,1490.25,1498.9,1487.25,956.00,05/19/20
0,1495.75,1496.15,1467.75,1,413.00,05/18/20
0,1461.85,1482.75,1461.85,641.00,05/15/20
0,1474.1,1481,1468.8,1,357.00,05/14/20
0,1480,1480.15,1474.65,1,071.00,05/13/20
0,1481.9,1485.19,1477.35,1,088.00,05/12/20
0,1497.5,1497.5,1490,697.00,05/11/20
0,1495,1495,1481.35,1,270.00,05/07/20
0,1479.3,1493.75,1479.3,311.00,05/06/20
0,1484.3,1491.25,1477.11,525.00,05/05/20
0,1486.85,1493.75,1475.1,1,321.00,05/01/20
0,1494.65,1509.5,1494.65,1,578.00,04/30/20
0,1506,1513.75,1503.5,1,221.00,04/29/20
0,1504.5,1516.75,1499.65,1,264.00,04/28/20
0,1506.85,1522.75,1506.85,691.00,04/27/20
0,1506.88,1513.35,1506.88,353.00,04/24/20
0,1513.85,1526,1506.5,600.00,04/23/20
0,1515.15,1520,1489.75,1,216.00,04/22/20
0,1490.35,1503.75,1483,800.00,04/21/20
0,1502.8,1517.05,1488.5,985.00,04/20/20
0,1506.9,1527.75,1506.9,515.00,04/17/20
0,1512.35,1520,1512.35,734.00,04/16/20
0,1507.7,1520.25,1507,1,156.00,04/15/20
0,1503.35,1508.75,1495.25,716.00,04/14/20
0,1479.35,1481.75,1466.75,765.00,04/09/20
0,1465.65,1484.75,1459.25,527.00,04/08/20
0,1477.35,1491.7,1477.35,1,134.00,04/07/20
0,1471.85,1481.25,1460.25,447.00,04/06/20
0,1481.35,1503,1481,1,379.00,04/03/20
0,1491,1497,1482,779.00,04/02/20
0,1499.65,1529,1490.68,1,217.00,04/01/20
0,1532.77,1536,1523.5,765.00,03/31/20
0,1530.7,1548,1527.8,372.00,03/30/20
0,1545.5,1553,1538,1,007.00,03/27/20
0,1536.15,1541.9,1534,783.00,03/26/20
0,1537.5,1546.38,1537.5,844.00,03/25/20
0,1548,1578.75,1545.65,731.00,03/24/20
0,1560.8,1572.25,1540.25,756.00,03/23/20
0,1583,1640.15,1581.85,9,877.00,03/20/20
0,1630.15,1630.2,1583,6,960.00,03/19/20
0,1649.85,1650.25,1618.25,18,797.00,03/18/20
0,1651.5,1679.04,1643,17,332.00,03/17/20
0,1674.85,1675.15,1654.25,9,278.00,03/16/20
0,1680.65,1700.34,1668.5,5,632.00,03/13/20
0,1655.85,1672.5,1655.85,12,500.00,03/12/20
0,1674.85,1698.55,1674.85,7,326.00,03/11/20
0,1697.15,1708.5,1688.5,13,970.00,03/10/20
0,1687.15,1687.15,1654.8,16,058.00,03/09/20
0,1685.15,1715.85,1684.85,4,182.00,03/06/20
0,1720.15,1732.65,1719.85,2,310.00,03/05/20
0,1726.15,1732,1722.5,2,545.00,03/04/20
0,1721.85,1728.44,1713.75,2,414.00,03/03/20
0,1717.15,1718,1688.25,2,424.00,03/02/20
0,1694.35,1694.75,1665.25,3,043.00,02/28/20
0,1690,1692.86,1688,1,924.00,02/27/20
0,1695.85,1704.75,1695.85,2,142.00,02/26/20
0,1703,1706.81,1699.25,1,407.00,02/25/20
0,1699,1699.95,1691.92,1,648.00,02/24/20
0,1713.5,1714.75,1702.5,1,308.00,02/21/20
0,1711.15,1723.75,1710,1,476.00,02/20/20
0,1720.2,1723.75,1712,2,707.00,02/19/20
0,1720.15,1726.75,1708,1,324.00,02/18/20
0,1721.15,1725.75,1711,1,649.00,02/17/20
0,1722.15,1743.71,1721.85,1,597.00,02/14/20
0,1752.79,1752.79,1726.25,2,043.00,02/13/20
0,1734.15,1737.15,1731.85,1,172.00,02/12/20
0,1734,1742.5,1712.75,2,645.00,02/11/20
0,1702.2,1729.75,1701.85,1,460.00,02/10/20
0,1725.85,1745.75,1720.6,2,186.00,02/07/20
0,1737,1741,1722.25,1,961.00,02/06/20
0,1715.15,1721.15,1704.75,3,125.00,02/05/20
0,1686.15,1714.2,1685.35,3,584.00,02/04/20
0,1686.35,1735.96,1686,3,558.00,02/03/20
0,1723.15,1727.97,1714.42,2,510.00,01/31/20
0,1731,1744,1730.8,2,580.00,01/30/20
0,1736.85,1756.75,1735,3,705.00,01/29/20
0,1752.15,1771.75,1751.8,1,915.00,01/28/20
0,1764.15,1770.7,1763.85,2,010.00,01/27/20
0,1780.85,1795.75,1780.85,1,415.00,01/24/20
0,1794,1810.25,1789.35,1,545.00,01/23/20
0,1811.15,1829.04,1808,1,876.00,01/22/20
0,1824.3,1824.8,1806.25,1,673.00,01/21/20
0,1815.74,1815.74,1809.75,1,418.00,01/20/20
0,1805,1811,1804,2,967.00,01/17/20
0,1812,1816.29,1803.75,1,494.00,01/16/20
0,1800.85,1807.25,1799.25,2,061.00,01/15/20
0,1808.85,1809.15,1793.35,1,943.00,01/14/20
0,1798.15,1803.05,1791.65,1,803.00,01/13/20
0,1806,1810.85,1797.6,1,333.00,01/10/20
0,1803.7,1809.19,1799.1,127.00,01/09/20
0,1801,1816.25,1771.5,1,919.00,01/08/20
0,1816,1833.5,1815.85,1,809.00,01/07/20
0,1833,1833.85,1813,1,747.00,01/06/20
0,1820.7,1825,1792.13,2,218.00,01/03/20
0,1804.35,1811.75,1789.9,3,302.00,01/02/20
0,1810,1830,1809.85,2,125.00,12/31/19
0,1827.15,1827.15,1816.65,765.00,12/30/19
0,1825.15,1825.15,1788,1,461.00,12/27/19
0,1814,1816.2,1812,1,203.00,12/24/19
0,1804,1804.15,1795.25,1,648.00,12/23/19
0,1799.85,1802.25,1796.25,929.00,12/20/19
0,1796.85,1797,1778.25,1,031.00,12/19/19
0,1776.85,1781.05,1766.25,1,747.00,12/18/19
0,1763.85,1775.75,1763.85,1,887.00,12/17/19
0,1775.75,1778.15,1765.75,1,759.00,12/16/19
0,1767.85,1778.45,1763.51,1,363.00,12/13/19
0,1774.85,1775.15,1759.25,1,181.00,12/12/19
0,1760,1762.2,1756,1,199.00,12/11/19
0,1755,1756.22,1751.23,1,387.00,12/10/19
0,1757,1769.75,1756.85,1,489.00,12/09/19
0,1765.15,1766,1739.93,2,324.00,12/06/19
0,1752,1756,1745.47,1,522.00,12/05/19
0,1757.2,1771,1750,2,125.00,12/04/19
0,1766.25,1791.2,1765.85,3,659.00,12/03/19
0,1790,1790.15,1754.89,2,842.00,12/02/19
0,1769.85,1770.25,1754.79,1,372.00,11/29/19
0,1752.15,1770.25,1752,692.00,11/28/19
0,1763.85,1770.15,1760.35,1,028.00,11/27/19
0,1753,1753.15,1737.84,3,050.00,11/26/19
0,1736.15,1740.15,1735.85,1,618.00,11/25/19
0,1739,1740.5,1738,1,694.00,11/22/19
0,1734.15,1746.75,1733.85,1,239.00,11/21/19
0,1741,1750,1734.64,1,273.00,11/20/19
0,1730.85,1742.18,1730.35,2,439.00,11/19/19
0,1738.15,1760.75,1737.85,2,696.00,11/18/19
0,1754.85,1755,1738.1,1,907.00,11/15/19
0,1746.78,1771.75,1740.75,1,297.00,11/14/19
0,1767.25,1781.75,1764.85,3,353.00,11/13/19
0,1777.85,1785.75,1765.15,1,808.00,11/12/19
0,1778.85,1808.75,1778.85,3,015.00,11/11/19
0,1807.35,1820.25,1806,1,681.00,11/08/19
0,1812.85,1815.72,1801.25,4,041.00,11/07/19
0,1810,1813.85,1802.59,1,587.00,11/06/19
0,1808.4,1813.52,1808.4,1,327.00,11/05/19
0,1814.85,1815.15,1781.5,5,167.00,11/04/19
0,1785.85,1786.15,1756.52,3,746.00,11/01/19
0,1755.15,1755.15,1735.47,3,217.00,10/31/19
0,1760,1760.15,1747.4,1,843.00,10/30/19
0,1754,1754,1735.75,1,616.00,10/29/19
0,1737,1737,1729.5,1,223.00,10/28/19
0,1728,1728.5,1718.75,1,952.00,10/25/19
0,1723.85,1727.41,1722.15,797.00,10/24/19
0,1725.15,1730.2,1715.8,1,252.00,10/23/19
0,1718.85,1728.75,1716.75,702.00,10/22/19
0,1728.85,1741.85,1728.85,1,355.00,10/21/19
0,1737.85,1739,1723,1,651.00,10/18/19
0,1726.85,1734,1722.25,1,494.00,10/17/19
0,1727.85,1728,1714.5,3,775.00,10/16/19
0,1727.85,1728.15,1713.15,2,754.00,10/15/19
0,1719.85,1725.25,1711.95,1,485.00,10/14/19
0,1721.85,1747.75,1721.85,2,385.00,10/11/19
0,1752.85,1757.5,1739.15,3,581.00,10/10/19
0,1743.85,1748.75,1737,2,782.00,10/09/19
0,1751.35,1758.5,1738,4,000.00,10/08/19
0,1746.15,1746.15,1716.05,33.00,10/07/19
0,1719,1723,1714.5,2,219.00,10/04/19
0,1718,1718.15,1709.4,2,830.00,10/03/19
0,1705,1733.69,1704.85,9,320.00,10/02/19
0,1740,1744,1718.85,8,366.00,10/01/19
0,1721.5,1747.75,1721.35,2,565.00,09/30/19
0,1735,1743.75,1729.85,4,701.00,09/27/19
0,1737,1755.75,1736.85,2,564.00,09/26/19
0,1752,1765.75,1751.85,3,633.00,09/25/19
0,1762.5,1784,1760.03,2,939.00,09/24/19
0,1785,1790.75,1776.5,3,140.00,09/23/19
0,1795,1798.78,1765,2,114.00,09/20/19
0,1800,1800,1786.25,1,775.00,09/19/19
0,1785.5,1792.79,1781.5,3,579.00,09/18/19
0,1792,1792.75,1778.35,1,637.00,09/17/19
0,1793,1816.75,1791,3,842.00,09/16/19
0,1810,1810.15,1768,2,525.00,09/13/19
0,1803,1822.73,1796.26,2,548.00,09/12/19
0,1825,1826.59,1816.25,1,809.00,09/11/19
0,1820,1820.15,1798,5,709.00,09/10/19
0,1799,1799,1785.5,2,818.00,09/09/19
0,1791,1791,1787.75,75.00,09/06/19
0,1784,1786.5,1767.1,3,781.00,09/05/19
0,1775,1777.5,1761,3,115.00,09/04/19
0,1753,1753.15,1741,3,191.00,09/03/19
0,1749,1755.15,1745,990.00,09/02/19
0,1753,1754,1741,1,605.00,08/30/19
0,1753,1753.2,1741,2,832.00,08/29/19
0,1746,1761,1745.85,2,811.00,08/28/19
0,1761,1778,1760,2,538.00,08/27/19
0,1770,1777.32,1764.25,902.00,08/23/19
0,1766,1778.25,1763.15,1,788.00,08/22/19
0,1779,1788.1,1778.75,991.00,08/21/19
0,1782,1794.15,1780.75,2,663.00,08/20/19
0,1794,1804.87,1793.25,1,509.00,08/19/19
0,1792,1798,1783.5,3,509.00,08/16/19
0,1782,1783,1775.2,1,753.00,08/15/19
0,1775,1785.2,1772,3,615.00,08/14/19
0,1785,1792.85,1761,3,454.00,08/13/19
0,1770,1785.77,1767.49,1,947.00,08/12/19
0,1771,1780.25,1770.85,1,501.00,08/09/19
0,1778,1779,1756.25,1,307.00,08/08/19
0,1745,1765.75,1744.85,3,081.00,08/07/19
0,1759,1772.25,1758.85,5,545.00,08/06/19
0,1763,1774.25,1762.85,4,321.00,08/05/19
0,1770,1781.44,1769.85,3,674.00,08/02/19
0,1780,1793.61,1779.85,2,118.00,08/01/19
0,1799,1813,1798.85,2,033.00,07/31/19
0,1803,1812.35,1802.85,1,708.00,07/30/19
0,1811,1812,1796,2,067.00,07/29/19
0,1802,1827.75,1799.3,2,360.00,07/26/19
0,1826,1826.75,1823.85,624.00,07/25/19
0,1826,1829.88,1819.25,2,110.00,07/24/19
0,1816,1822.1,1815,1,345.00,07/23/19
0,1816,1836,1815.8,1,615.00,07/22/19
0,1848,1864.65,1847,1,867.00,07/19/19
0,1854,1854,1838.25,1,068.00,07/18/19
0,1847,1847.15,1838,1,565.00,07/17/19
0,1850,1855.15,1817.9,3,792.00,07/16/19
0,1842,1842.15,1826.25,1,862.00,07/15/19
0,1822,1826.25,1815.03,1,977.00,07/12/19
0,1828,1846.52,1824.65,1,832.00,07/11/19
0,1850,1850.15,1816.25,2,122.00,07/10/19
0,1821,1821.15,1801.18,2,651.00,07/09/19
0,1809,1810,1799.35,1,328.00,07/08/19
0,1803,1806.01,1800,1,779.00,07/05/19
0,1807,1807.15,1789,1,646.00,07/04/19
0,1790,1790.15,1777,1,945.00,07/03/19
0,1782,1794.25,1775.82,2,330.00,07/02/19
0,1794,1809.15,1793,1,942.00,07/01/19
0,1800,1801.43,1793,1,591.00,06/28/19
0,1790,1816.68,1789.85,1,666.00,06/27/19
0,1820,1828.35,1808.75,1,181.00,06/26/19
0,1814,1816.19,1797,1,900.00,06/25/19
0,1793,1793.65,1768.5,2,098.00,06/24/19
0,1767.5,1786.75,1767,1,756.00,06/21/19
0,1781,1804.73,1780.85,2,072.00,06/20/19
0,1784,1784,1774.25,1,584.00,06/19/19
0,1781,1781.5,1760,2,375.00,06/18/19
0,1758.5,1761.5,1746.22,2,102.00,06/17/19
0,1764.5,1777.5,1762.14,1,977.00,06/14/19
0,1787,1792.25,1781.25,1,719.00,06/13/19
0,1790,1791,1768.75,1,129.00,06/12/19
0,1778,1793.95,1777.85,2,013.00,06/11/19
0,1775,1779,1751.75,1,860.00,06/10/19
0,1764,1771.21,1762.51,3,007.00,06/07/19
0,1776,1784.85,1768,937.00,06/06/19
0,1771,1800,1765.85,1,641.00,06/05/19
0,1786,1786.5,1774,2,087.00,06/04/19
0,1777,1792.85,1776.85,4,197.00,06/03/19
0,1794.5,1796,1788,3,186.00,05/31/19
0,1782,1794,1777.85,1,685.00,05/30/19
0,1795,1806.75,1794.85,1,766.00,05/29/19
0,1807,1812,1803,1,704.00,05/28/19
0,1800,1804.5,1792.4,966.00,05/24/19
0,1797.5,1797.65,1769.75,1,708.00,05/23/19
0,1779,1797,1778,1,695.00,05/22/19
0,1796,1805.25,1792.31,2,956.00,05/21/19
0,1797.5,1834.75,1796.75,1,617.00,05/20/19
0,1837,1854.25,1834.25,1,457.00,05/17/19
0,1860,1869.1,1850,1,269.00,05/16/19
0,1855,1855.15,1830.75,1,420.00,05/15/19
0,1844.5,1845,1808.5,1,643.00,05/14/19
0,1809,1810.25,1796.25,3,007.00,05/13/19
0,1808,1814.22,1800,1,773.00,05/10/19
0,1799,1806.2,1792,2,936.00,05/09/19
0,1797,1814,1796.85,204.00,05/08/19
0,1816,1820,1798,2,940.00,05/07/19
0,1795.5,1896.15,1795.35,3,031.00,05/03/19
0,1816,1835.2,1815.75,3,873.00,05/02/19
0,1815,1815.15,1784.8,2,666.00,05/01/19
0,1797,1829,1796.85,4,526.00,04/30/19
0,1828,1846.25,1826,2,138.00,04/29/19
0,1837,1863.85,1832,1,645.00,04/26/19
0,1857,1875.75,1856.85,2,058.00,04/25/19
0,1872,1876.75,1869.15,1,553.00,04/24/19
0,1866,1879.95,1865.85,2,303.00,04/23/19
0,1867,1867.15,1845.1,1,244.00,04/18/19
0,1850,1866.13,1849.85,4,015.00,04/17/19
0,1855.5,1863.35,1855.25,2,315.00,04/16/19
0,1865,1866,1852.65,1,200.00,04/15/19
0,1863,1865,1859.41,1,576.00,04/12/19
0,1860,1867,1856.45,1,881.00,04/11/19
0,1864,1876.25,1863,1,740.00,04/10/19
0,1878,1878.5,1874.42,1,749.00,04/09/19
0,1871,1889.75,1870.8,1,401.00,04/08/19
0,1890,1907.25,1883.53,1,572.00,04/05/19
0,1895,1907,1892,1,716.00,04/04/19
0,1896,1900.8,1888.15,1,363.00,04/03/19
0,1889,1899.75,1883,2,470.00,04/02/19
0,1899,1926.5,1898.8,3,114.00,04/01/19
0,1912,1921.47,1905,3,521.00,03/29/19
0,1903,1913.43,1901.25,2,527.00,03/28/19
0,1911,1914.5,1894.25,1,627.00,03/27/19
0,1888,1891.75,1875.5,1,422.00,03/26/19
0,1883,1898.25,1882.8,1,523.00,03/25/19
0,1903,1907.75,1889.5,1,566.00,03/22/19
0,1899.5,1939.3,1899,1,305.00,03/21/19
0,1937,1951.5,1936.85,1,213.00,03/20/19
0,1946,1946.2,1931,2,495.00,03/19/19
0,1920.5,1921,1894.23,3,053.00,03/18/19
0,1897,1910.75,1890,1,029.00,03/15/19
0,1903,1906.8,1897.35,1,734.00,03/14/19
0,1905,1908.25,1876.75,2,113.00,03/13/19
0,1873,1878.11,1857.5,1,730.00,03/12/19
0,1847,1870.75,1846.8,2,083.00,03/11/19
0,1872,1882.24,1864.25,1,656.00,03/08/19
0,1864,1865.75,1861.5,1,215.00,03/07/19
0,1866,1876.75,1861.5,1,922.00,03/06/19
0,1874,1891,1873.8,1,644.00,03/05/19
0,1875,1916.25,1870,3,242.00,03/04/19
0,1918,1918.25,1900,2,527.00,03/01/19
0,1911,1919.5,1910.35,2,571.00,02/28/19
0,1922,1925,1914.75,2,372.00,02/27/19
0,1911,1911.2,1895.59,2,222.00,02/26/19
0,1906,1920.15,1905.85,2,001.00,02/25/19
0,1913,1921,1902.5,1,805.00,02/22/19
0,1905,1909,1874.67,1,540.00,02/21/19
0,1868,1868.15,1855,1,647.00,02/20/19
0,1856,1862.18,1854.75,1,847.00,02/19/19
0,1856,1865.75,1852.09,992.00,02/18/19
0,1859,1873.1,1852.75,2,152.00,02/15/19
0,1850,1864.75,1849.4,1,190.00,02/14/19
0,1860,1870.47,1856,1,721.00,02/13/19
0,1861,1882.75,1860.8,1,762.00,02/12/19
0,1880,1885.75,1867.47,2,577.00,02/11/19
0,1881,1897,1880,1,528.00,02/08/19
0,1894,1910.75,1888,2,139.00,02/07/19
0,1907,1915.49,1905,2,240.00,02/06/19
0,1922,1930.25,1917.96,2,198.00,02/05/19
0,1919,1919.2,1868,3,280.00,02/04/19
0,1883,1905.5,1882.8,1,834.00,02/01/19
0,1910,1921.44,1902.38,3,679.00,01/31/19
0,1909.5,1911,1888.25,3,811.00,01/30/19
0,1892,1896,1867.5,1,764.00,01/29/19
0,1867,1905,1866.85,1,521.00,01/28/19
0,1920,1920.15,1883.5,2,202.00,01/25/19
0,1890.5,1900.55,1870,1,666.00,01/24/19
0,1909,1913.35,1886.25,1,765.00,01/23/19
0,1883,1883.15,1849.25,1,979.00,01/22/19
0,1852,1877.25,1849,921.00,01/21/19
0,1870,1873,1856.5,1,464.00,01/18/19
0,1858,1858.2,1827,2,094.00,01/17/19
0,1859,1871.93,1847,2,691.00,01/16/19
0,1845,1851.25,1829.1,1,867.00,01/15/19
0,1828,1838.25,1813.25,2,677.00,01/14/19
0,1836,1863.45,1835.8,2,512.00,01/11/19
0,1861,1862,1853.98,2,814.00,01/10/19
0,1852.5,1879.97,1840.85,3,118.00,01/09/19
0,1864.5,1865,1858,2,545.00,01/08/19
0,1878.5,1878.65,1864.15,1,829.00,01/07/19
0,1865,1875,1840.25,1,667.00,01/04/19
0,1835,1845.25,1791.35,2,440.00,01/03/19
0,1797,1851.2,1790.17,3,599.00,01/02/19
0,1846,1849,1839.49,1,565.00,12/31/18
0,1845,1871.75,1842,2,462.00,12/28/18
0,1851.5,1900.1,1850,1,972.00,12/27/18
0,1893,1998.5,1890.15,686.00,12/24/18
0,1909,1915,1908,2,215.00,12/21/18
0,1912,1933.22,1908,3,603.00,12/20/18
0,1927,1931.25,1923,1,800.00,12/19/18
0,1925,1946.87,1924.85,1,877.00,12/18/18
0,1942,1942.2,1924.13,1,134.00,12/17/18
0,1926,1926.15,1918.65,2,197.00,12/14/18
0,1932,1939,1931.7,1,315.00,12/13/18
0,1939,1940.25,1933.15,1,243.00,12/12/18
0,1939,1959.35,1936.5,1,745.00,12/11/18
0,1938,1955.4,1937.8,1,394.00,12/10/18
0,1955,1965.66,1944.25,1,696.00,12/07/18
0,1936,1961.25,1936,1,357.00,12/06/18
0,1969,1972.15,1968.58,1,168.00,12/05/18
0,1974,1983.54,1971.25,1,734.00,12/04/18
0,1974,1980.57,1969.75,1,732.00,12/03/18
0,1958,1958.15,1930.75,2,131.00,11/30/18
0,1940,1942,1932.35,1,802.00,11/29/18
0,1932,1934,1920.5,1,275.00,11/28/18
0,1930.5,1943.25,1930.35,2,706.00,11/27/18
0,1951.5,1951.7,1929.5,1,595.00,11/26/18
0,1949,1951,1933.71,2,204.00,11/23/18
0,1946.5,1961.65,1946.3,2,282.00,11/22/18
0,1953.5,1957.25,1943.75,1,565.00,11/21/18
0,1940,1944.15,1932.25,2,519.00,11/20/18
0,1934,1951.75,1933.85,1,911.00,11/19/18
0,1940,1946.5,1930.85,1,336.00,11/16/18
0,1929,1949.75,1928.85,1,994.00,11/15/18
0,1943,1945.75,1937,1,701.00,11/14/18
0,1935.5,1947.97,1930,2,067.00,11/13/18
0,1942,1961.75,1941.85,1,645.00,11/12/18
0,1954,1978,1953.85,1,143.00,11/09/18
0,1990,1997.65,1980.5,1,767.00,11/08/18
0,1985,1985.15,1962,1,964.00,11/07/18
0,1950.5,1975,1950,2,033.00,11/06/18
0,1975,1988.3,1968.8,1,778.00,11/05/18
0,1973,1991,1972.85,3,066.00,11/02/18
0,1966,1984.15,1957.5,3,335.00,11/01/18
0,1953.5,1973,1953,2,583.00,10/31/18
0,1967,1981,1966.8,2,494.00,10/30/18
0,1984,2000.4,1983.85,738.00,10/29/18
0,1998,1998.15,1977.35,1,415.00,10/26/18
0,1994,2004.5,1993,1,067.00,10/25/18
0,1997,2004.83,1996.85,1,098.00,10/24/18
0,2001,2015.85,2000.85,2,125.00,10/23/18
0,2007,2023,2006.8,2,050.00,10/22/18
0,2003,2025,2000,2,146.00,10/19/18
0,2013,2023.25,2010.85,800.00,10/18/18
0,2022,2038.03,2016.75,1,253.00,10/17/18
0,2034,2038,2020,4,533.00,10/16/18
0,2027,2051.75,2026.75,1,775.00,10/15/18
0,2041,2049.58,2032.98,1,534.00,10/12/18
0,2020,2038.11,2019.85,3,908.00,10/11/18
0,2047,2065.75,2035.5,1,111.00,10/10/18
0,2056,2069,2040,1,843.00,10/09/18
0,2067,2078.5,2053.15,1,639.00,10/08/18
0,2130,2186.48,2115,2,469.00,10/05/18
0,2169.5,2263.8,2169.5,2,546.00,10/04/18
0,2206,2236.5,2110,4,006.00,10/03/18
0,2118,2124.65,2075.75,4,283.00,10/02/18
0,2084,2084.15,2049,2,251.00,10/01/18
0,2062,2068.25,2017,3,023.00,09/28/18
0,2030,2058.75,2029.35,2,097.00,09/27/18
0,2065,2084.18,2058.25,2,231.00,09/26/18
0,2071,2071.9,2037.25,1,909.00,09/25/18
0,2060,2083.5,2045.08,1,523.00,09/24/18
0,2091,2092,2047.75,1,628.00,09/21/18
0,2043,2049.25,2029.5,1,818.00,09/20/18
0,2026,2043.75,2018.85,3,010.00,09/19/18
0,2035,2048.16,2027.15,822.00,09/18/18
0,2032,2036.48,2012.5,1,813.00,09/17/18
0,2043,2058,2042.85,1,819.00,09/14/18
0,2064,2070.5,2044,2,917.00,09/13/18
0,2064,2068.55,2017,2,124.00,09/12/18
0,2044,2090.51,2043.85,1,364.00,09/11/18
0,2095,2097.4,2036,2,358.00,09/10/18
0,2070,2073.5,2050.7,2,156.00,09/07/18
0,2040,2077.5,2039.15,1,781.00,09/06/18
0,2068,2076.85,2055.66,5,548.00,09/05/18
0,2062,2090.07,2057,2,964.00,09/04/18
0,2097,2111.75,2096.85,1,669.00,09/03/18
0,2125,2147.15,2121.5,2,760.00,08/31/18
0,2132,2173.85,2114.14,1,978.00,08/30/18
0,2172,2172.15,2122.75,2,218.00,08/29/18
0,2095,2101,2079,2,629.00,08/24/18
0,2075,2075.15,2043,1,700.00,08/23/18
0,2065,2071,2062.4,1,847.00,08/22/18
0,2054.5,2067.26,2054,1,093.00,08/21/18
0,2055,2073.13,2054.85,2,457.00,08/20/18
0,2030,2038,2023,1,818.00,08/17/18
0,2048,2048.52,2023.15,1,675.00,08/16/18
0,2025,2052.75,2010.24,1,582.00,08/15/18
0,2070,2078,2046.14,2,668.00,08/14/18
0,2082,2091.35,2069.9,2,248.00,08/13/18
0,2105,2109.8,2060,1,342.00,08/10/18
0,2078,2142,2077.85,1,839.00,08/09/18
0,2106,2110.63,2044,1,040.00,08/08/18
0,2038,2053.85,2037,2,479.00,08/07/18
0,2043,2044,2027.35,1,041.00,08/06/18
0,2028,2042,2025.79,2,067.00,08/03/18
0,2036,2047.58,2035,2,322.00,08/02/18
0,2052,2071.75,2051.85,2,316.00,08/01/18
0,2081,2086,2073.35,2,766.00,07/31/18
0,2094,2095,2056.8,1,967.00,07/30/18
0,2071,2078.25,2056.25,1,441.00,07/27/18
0,2067,2076.75,2060.36,1,035.00,07/26/18
0,2062,2081.75,2060,1,409.00,07/25/18
0,2084.5,2110.5,2084.35,2,122.00,07/24/18
0,2069,2084,2039.75,2,280.00,07/23/18
0,2029,2044,2007,2,020.00,07/20/18
0,2001,2049.75,2000.85,1,908.00,07/19/18
0,2027,2034.85,2023.8,1,960.00,07/18/18
0,2032,2080,2032,2,056.00,07/17/18
0,2055,2062.5,2040.15,2,673.00,07/16/18
0,2031,2054.15,2030.8,2,839.00,07/13/18
0,2042,2070.75,2040.85,1,890.00,07/12/18
0,2060,2092.75,2055.85,2,076.00,07/11/18
0,2090,2110,2085,507.00,07/10/18
0,2121,2121.15,2105.5,27.00,07/09/18
0,2080,2094.25,2071,2,992.00,07/06/18
0,2080,2107.85,2079,2,203.00,07/05/18
0,2089,2107.75,2089,950.00,07/04/18
0,2080,2133,2079.85,2,610.00,07/03/18
0,2098,2129.66,2098,2,404.00,07/02/18
0,2133,2161,2132.85,2,437.00,06/29/18
0,2155,2167.5,2149.37,1,169.00,06/28/18
0,2176,2197.25,2162.15,1,383.00,06/27/18
0,2157.5,2166.25,2136.5,2,326.00,06/26/18
0,2155,2179.75,2154.85,752.00,06/25/18
0,2175,2186.25,2165.15,2,738.00,06/22/18
0,2179,2179.15,2163,1,268.00,06/21/18
0,2166,2189.75,2165,1,202.00,06/20/18
0,2171,2220.25,2170,2,310.00,06/19/18
0,2219.5,2223.73,2211.83,2,381.00,06/18/18
0,2204,2241,2203.85,3,114.00,06/15/18
0,2256,2273.25,2255.85,3,645.00,06/14/18
0,2275,2286,2274.85,1,531.00,06/13/18
0,2302,2320,2301.85,997.00,06/12/18
0,2301,2312,2293,1,146.00,06/11/18
0,2299,2318.95,2296.9,980.00,06/08/18
0,2312,2351.05,2282,1,408.00,06/07/18
0,2345,2345.15,2316.85,1,570.00,06/06/18
0,2312,2329,2310,1,992.00,06/05/18
0,2314,2342.15,2293.75,2,206.00,06/04/18
0,2305,2305.15,2270.35,1,047.00,06/01/18
0,2292,2294.68,2267.75,1,514.00,05/31/18
0,2270,2274,2260,1,725.00,05/30/18
0,2263,2311.26,2252,1,606.00,05/25/18
0,2281,2284.65,2266.1,1,736.00,05/24/18
0,2270,2270.15,2240,1,544.00,05/23/18
0,2270,2281.98,2266.4,1,896.00,05/22/18
0,2280,2280.15,2267.73,923.00,05/21/18
0,2270,2301.06,2256.2,1,648.00,05/18/18
0,2293,2325.25,2259.45,910.00,05/17/18
0,2315.5,2333.15,2312,2,047.00,05/16/18
0,2327,2328,2285.15,2,487.00,05/15/18
0,2319,2319.15,2271.85,1,258.00,05/14/18
0,2288,2304.75,2267.1,1,429.00,05/11/18
0,2335,2351.75,2318,1,752.00,05/10/18
0,2366,2368,2280.25,4,423.00,05/09/18
0,2350,2350.15,2281,1,475.00,05/04/18
0,2269,2350,2268.85,1,212.00,05/03/18
0,2321.5,2322,2252.4,4,572.00,05/02/18
0,2260,2262.5,2242.69,3,688.00,05/01/18
0,2255,2255.15,2217,2,180.00,04/30/18
0,2223,2275.75,2222.85,1,242.00,04/27/18
0,2275,2281.85,2201.76,2,340.00,04/26/18
0,2245,2269,2192.11,1,409.00,04/25/18
0,2227,2278.85,2203.5,2,514.00,04/24/18
0,2295,2510,2275.22,2,178.00,04/23/18
0,2469,2513.03,2421.25,1,736.00,04/20/18
0,2485,2644.15,2446.28,3,516.00,04/19/18
0,2537,2537.2,2396.25,3,340.00,04/18/18
0,2405,2426.5,2371.5,7,136.00,04/17/18
0,2399,2399.2,2286.25,2,292.00,04/16/18
0,2285,2325.65,2284.85,895.00,04/13/18
0,2325,2325.15,2206.31,2,375.00,04/12/18
0,2250,2275.25,2226.35,5,403.00,04/11/18
0,2201,2229.35,2130.75,3,843.00,04/10/18
0,2139,2142.25,2060.75,2,264.00,04/09/18
0,2042,2047,1987.35,4,823.00,04/06/18
0,2009,2018.25,1983.54,2,417.00,04/05/18
0,1991,1997,1984,4,000.00,04/04/18
0,2004.5,2014.69,1996.8,3,566.00,03/29/18
0,2027,2036.96,2018.75,2,536.00,03/28/18
0,2045,2060.95,2042.61,2,079.00,03/27/18
0,2052,2059.5,2047,1,479.00,03/26/18
0,2050.5,2074.75,2049.93,2,240.00,03/23/18
0,2075,2103.75,2074.85,1,383.00,03/22/18
0,2081,2085.25,2062.75,1,742.00,03/21/18
0,2076,2093.5,2073.35,1,663.00,03/20/18
0,2088,2093.25,2074.06,736.00,03/19/18
0,2085,2090.53,2082,2,065.00,03/16/18
0,2085,2093.25,2071.95,1,919.00,03/15/18
0,2089,2124.86,2088.35,1,571.00,03/14/18
0,2103,2105.25,2095,2,711.00,03/13/18
