Date,Price,"Open","High","Low","Vol.","Change %"
"04/14/2023","0.03275","0.03282","0.03292","0.03268","","-0.19%"
"04/13/2023","0.03281","0.03276","0.03288","0.03270","","0.18%"
"04/12/2023","0.03275","0.03276","0.03287","0.03268","","0.02%"
"04/11/2023","0.03275","0.03278","0.03286","0.03270","","-0.09%"
"04/10/2023","0.03278","0.03289","0.03292","0.03274","","-0.28%"
"04/07/2023","0.03287","0.03274","0.03294","0.03269","","0.43%"
"04/06/2023","0.03273","0.03271","0.03283","0.03262","","0.10%"
"04/05/2023","0.03269","0.03282","0.03294","0.03269","","-0.34%"
"04/04/2023","0.03281","0.03276","0.03288","0.03267","","0.09%"
"04/03/2023","0.03278","0.03274","0.03285","0.03259","","0.12%"
"03/31/2023","0.03274","0.03282","0.03291","0.03269","","-0.05%"
"03/30/2023","0.03275","0.03279","0.03286","0.03269","","-0.05%"
"03/29/2023","0.03277","0.03293","0.03299","0.03274","","-0.45%"
"03/28/2023","0.03292","0.03295","0.03304","0.03285","","-0.04%"
"03/27/2023","0.03293","0.03296","0.03300","0.03285","","-0.08%"
"03/24/2023","0.03296","0.03297","0.03303","0.03281","","0.02%"
"03/23/2023","0.03295","0.03290","0.03303","0.03287","","0.32%"
"03/22/2023","0.03285","0.03281","0.03317","0.03272","","0.24%"
"03/21/2023","0.03277","0.03278","0.03284","0.03267","","-0.04%"
"03/20/2023","0.03278","0.03264","0.03285","0.03263","","0.46%"
"03/17/2023","0.03263","0.03274","0.03278","0.03261","","-0.29%"
"03/16/2023","0.03272","0.03267","0.03278","0.03257","","0.21%"
"03/15/2023","0.03266","0.03278","0.03291","0.03248","","-0.32%"
"03/14/2023","0.03276","0.03284","0.03287","0.03263","","-0.25%"
"03/13/2023","0.03284","0.03257","0.03286","0.03242","","1.62%"
"03/10/2023","0.03232","0.03241","0.03264","0.03233","","-0.23%"
"03/09/2023","0.03239","0.03250","0.03257","0.03238","","-0.34%"
"03/08/2023","0.03251","0.03248","0.03259","0.03236","","0.13%"
"03/07/2023","0.03246","0.03260","0.03273","0.03245","","-0.44%"
"03/06/2023","0.03261","0.03277","0.03281","0.03260","","-0.45%"
"03/03/2023","0.03276","0.03261","0.03281","0.03253","","0.47%"
"03/02/2023","0.03260","0.03271","0.03280","0.03254","","-0.28%"
"03/01/2023","0.03270","0.03255","0.03286","0.03251","","0.53%"
"02/28/2023","0.03253","0.03259","0.03268","0.03245","","-0.17%"
"02/27/2023","0.03258","0.03262","0.03268","0.03248","","0.02%"
"02/24/2023","0.03258","0.03290","0.03298","0.03257","","-0.98%"
"02/23/2023","0.03290","0.03274","0.03302","0.03272","","0.57%"
"02/22/2023","0.03271","0.03275","0.03285","0.03268","","-0.07%"
"02/21/2023","0.03274","0.03291","0.03301","0.03271","","-0.50%"
"02/20/2023","0.03290","0.03291","0.03298","0.03282","","0.09%"
"02/17/2023","0.03287","0.03295","0.03302","0.03280","","-0.17%"
"02/16/2023","0.03293","0.03294","0.03313","0.03285","","0.00%"
"02/15/2023","0.03292","0.03303","0.03308","0.03286","","-0.28%"
"02/14/2023","0.03301","0.03307","0.03322","0.03297","","-0.21%"
"02/13/2023","0.03308","0.03310","0.03318","0.03300","","-0.05%"
"02/10/2023","0.03310","0.03320","0.03328","0.03310","","-0.25%"
"02/09/2023","0.03318","0.03325","0.03331","0.03317","","-0.16%"
"02/08/2023","0.03324","0.03326","0.03339","0.03320","","-0.16%"
"02/07/2023","0.03329","0.03328","0.03338","0.03317","","0.09%"
"02/06/2023","0.03326","0.03335","0.03347","0.03320","","-0.24%"
"02/03/2023","0.03334","0.03364","0.03373","0.03327","","-0.76%"
"02/02/2023","0.03359","0.03359","0.03378","0.03356","","0.00%"
"02/01/2023","0.03359","0.03328","0.03371","0.03322","","1.24%"
"01/31/2023","0.03318","0.03322","0.03335","0.03318","","-0.11%"
"01/30/2023","0.03322","0.03306","0.03331","0.03302","","0.55%"
"01/27/2023","0.03303","0.03308","0.03321","0.03299","","-0.12%"
"01/26/2023","0.03307","0.03305","0.03313","0.03297","","0.06%"
"01/25/2023","0.03305","0.03303","0.03314","0.03296","","0.36%"
"01/24/2023","0.03294","0.03301","0.03311","0.03294","","-0.12%"
"01/23/2023","0.03297","0.03297","0.03306","0.03292","","0.03%"
"01/20/2023","0.03296","0.03301","0.03302","0.03285","","-0.05%"
"01/19/2023","0.03298","0.03294","0.03301","0.03286","","0.16%"
"01/18/2023","0.03293","0.03304","0.03309","0.03290","","-0.29%"
"01/17/2023","0.03302","0.03293","0.03307","0.03291","","0.33%"
"01/16/2023","0.03291","0.03301","0.03307","0.03290","","-0.27%"
"01/13/2023","0.03300","0.03298","0.03311","0.03287","","0.20%"
"01/12/2023","0.03294","0.03286","0.03301","0.03278","","0.30%"
"01/11/2023","0.03284","0.03285","0.03292","0.03278","","0.00%"
"01/10/2023","0.03285","0.03281","0.03289","0.03273","","0.14%"
"01/09/2023","0.03280","0.03258","0.03290","0.03258","","0.30%"
"01/06/2023","0.03270","0.03254","0.03275","0.03250","","0.50%"
"01/05/2023","0.03254","0.03259","0.03263","0.03251","","-0.12%"
"01/04/2023","0.03258","0.03254","0.03267","0.03252","","0.17%"
"01/03/2023","0.03252","0.03254","0.03267","0.03246","","-0.03%"
"01/02/2023","0.03253","0.03264","0.03269","0.03249","","0.04%"
"12/30/2022","0.03252","0.03262","0.03273","0.03242","","-0.18%"
"12/29/2022","0.03258","0.03242","0.03263","0.03241","","0.44%"
"12/28/2022","0.03243","0.03250","0.03259","0.03242","","-0.12%"
"12/27/2022","0.03247","0.03254","0.03260","0.03248","","-0.11%"
"12/26/2022","0.03251","0.03251","0.03258","0.03249","","0.04%"
"12/23/2022","0.03249","0.03251","0.03257","0.03245","","0.00%"
"12/22/2022","0.03249","0.03259","0.03264","0.03249","","-0.24%"
"12/21/2022","0.03257","0.03253","0.03263","0.03250","","0.18%"
"12/20/2022","0.03251","0.03250","0.03264","0.03239","","0.07%"
"12/19/2022","0.03249","0.03248","0.03258","0.03246","","0.08%"
"12/16/2022","0.03247","0.03243","0.03258","0.03241","","0.00%"
"12/15/2022","0.03247","0.03283","0.03284","0.03246","","-1.07%"
"12/14/2022","0.03282","0.03265","0.03287","0.03263","","0.59%"
"12/13/2022","0.03263","0.03257","0.03276","0.03249","","0.21%"
"12/12/2022","0.03256","0.03257","0.03263","0.03249","","0.00%"
"12/09/2022","0.03256","0.03264","0.03272","0.03247","","-0.19%"
"12/08/2022","0.03262","0.03267","0.03270","0.03255","","-0.06%"
"12/07/2022","0.03264","0.03265","0.03271","0.03255","","0.11%"
"12/06/2022","0.03260","0.03269","0.03281","0.03258","","-0.24%"
"12/05/2022","0.03268","0.03273","0.03289","0.03265","","-0.10%"
"12/02/2022","0.03271","0.03268","0.03281","0.03254","","0.28%"
"12/01/2022","0.03262","0.03246","0.03277","0.03241","","0.59%"
"11/30/2022","0.03243","0.03231","0.03254","0.03224","","0.42%"
"11/29/2022","0.03230","0.03224","0.03238","0.03220","","0.15%"
"11/28/2022","0.03225","0.03232","0.03235","0.03215","","-0.20%"
"11/25/2022","0.03231","0.03233","0.03253","0.03224","","0.09%"
"11/24/2022","0.03228","0.03212","0.03246","0.03207","","0.54%"
"11/23/2022","0.03211","0.03213","0.03223","0.03198","","-0.05%"
"11/22/2022","0.03212","0.03201","0.03218","0.03195","","0.43%"
"11/21/2022","0.03199","0.03217","0.03218","0.03195","","-0.39%"
"11/18/2022","0.03211","0.03213","0.03222","0.03203","","-0.05%"
"11/17/2022","0.03213","0.03210","0.03224","0.03192","","-0.21%"
"11/16/2022","0.03220","0.03213","0.03223","0.03198","","0.22%"
"11/15/2022","0.03213","0.03234","0.03242","0.03210","","-0.68%"
"11/14/2022","0.03235","0.03214","0.03238","0.03186","","0.68%"
"11/11/2022","0.03213","0.03184","0.03225","0.03159","","1.01%"
"11/10/2022","0.03181","0.03131","0.03185","0.03128","","1.59%"
"11/09/2022","0.03131","0.03136","0.03151","0.03121","","-0.09%"
"11/08/2022","0.03133","0.03128","0.03142","0.03121","","0.20%"
"11/07/2022","0.03127","0.03124","0.03133","0.03108","","0.16%"
"11/04/2022","0.03122","0.03105","0.03131","0.03094","","0.61%"
"11/03/2022","0.03103","0.03096","0.03107","0.03088","","0.29%"
"11/02/2022","0.03094","0.03108","0.03120","0.03094","","-0.39%"
"11/01/2022","0.03106","0.03100","0.03116","0.03093","","0.24%"
"10/31/2022","0.03099","0.03114","0.03122","0.03093","","-0.43%"
"10/28/2022","0.03112","0.03113","0.03123","0.03105","","0.00%"
"10/27/2022","0.03112","0.03118","0.03142","0.03107","","-0.14%"
"10/26/2022","0.03117","0.03099","0.03121","0.03089","","0.58%"
"10/25/2022","0.03099","0.03092","0.03102","0.03084","","0.40%"
"10/24/2022","0.03087","0.03116","0.03119","0.03086","","-0.90%"
"10/21/2022","0.03115","0.03115","0.03121","0.03096","","0.05%"
"10/20/2022","0.03113","0.03113","0.03127","0.03106","","0.03%"
"10/19/2022","0.03112","0.03122","0.03128","0.03108","","-0.26%"
"10/18/2022","0.03120","0.03126","0.03134","0.03117","","-0.14%"
"10/17/2022","0.03124","0.03127","0.03139","0.03115","","-0.08%"
"10/14/2022","0.03127","0.03137","0.03142","0.03118","","-0.31%"
"10/13/2022","0.03136","0.03142","0.03147","0.03123","","-0.17%"
"10/12/2022","0.03142","0.03139","0.03145","0.03133","","0.13%"
"10/11/2022","0.03138","0.03143","0.03152","0.03130","","-0.13%"
"10/10/2022","0.03142","0.03152","0.03158","0.03141","","-0.30%"
"10/07/2022","0.03151","0.03169","0.03175","0.03150","","-0.51%"
"10/06/2022","0.03168","0.03167","0.03182","0.03163","","0.07%"
"10/05/2022","0.03166","0.03159","0.03179","0.03155","","0.26%"
"10/04/2022","0.03158","0.03145","0.03165","0.03136","","0.42%"
"10/03/2022","0.03144","0.03143","0.03148","0.03129","","0.09%"
"09/30/2022","0.03141","0.03155","0.03163","0.03137","","-0.38%"
"09/29/2022","0.03153","0.03153","0.03159","0.03137","","0.03%"
"09/28/2022","0.03153","0.03149","0.03159","0.03131","","0.12%"
"09/27/2022","0.03149","0.03141","0.03161","0.03134","","0.30%"
"09/26/2022","0.03139","0.03144","0.03148","0.03130","","-0.13%"
"09/23/2022","0.03143","0.03165","0.03173","0.03135","","-0.63%"
"09/22/2022","0.03163","0.03178","0.03182","0.03157","","-0.46%"
"09/21/2022","0.03178","0.03188","0.03192","0.03175","","-0.26%"
"09/20/2022","0.03186","0.03190","0.03195","0.03182","","-0.14%"
"09/19/2022","0.03191","0.03192","0.03198","0.03179","","-0.13%"
"09/16/2022","0.03195","0.03199","0.03212","0.03179","","-0.12%"
"09/15/2022","0.03199","0.03216","0.03219","0.03194","","-0.50%"
"09/14/2022","0.03215","0.03210","0.03220","0.03207","","0.25%"
"09/13/2022","0.03207","0.03236","0.03243","0.03207","","-0.87%"
"09/12/2022","0.03235","0.03239","0.03248","0.03231","","-0.14%"
"09/09/2022","0.03239","0.03235","0.03251","0.03230","","0.21%"
"09/08/2022","0.03233","0.03243","0.03248","0.03226","","-0.27%"
"09/07/2022","0.03241","0.03244","0.03250","0.03226","","-0.02%"
"09/06/2022","0.03242","0.03256","0.03264","0.03240","","-0.43%"
"09/05/2022","0.03256","0.03263","0.03269","0.03248","","-0.23%"
"09/02/2022","0.03264","0.03267","0.03274","0.03261","","-0.09%"
"09/01/2022","0.03266","0.03290","0.03296","0.03264","","-0.64%"
"08/31/2022","0.03287","0.03279","0.03298","0.03276","","0.31%"
"08/30/2022","0.03277","0.03291","0.03296","0.03278","","-0.37%"
"08/29/2022","0.03289","0.03300","0.03305","0.03283","","-0.29%"
"08/26/2022","0.03299","0.03309","0.03317","0.03299","","-0.24%"
"08/25/2022","0.03307","0.03306","0.03314","0.03299","","0.09%"
"08/24/2022","0.03304","0.03311","0.03316","0.03299","","-0.14%"
"08/23/2022","0.03309","0.03316","0.03322","0.03309","","-0.17%"
"08/22/2022","0.03314","0.03320","0.03328","0.03312","","-0.13%"
"08/19/2022","0.03319","0.03336","0.03337","0.03318","","-0.47%"
"08/18/2022","0.03334","0.03334","0.03340","0.03329","","0.06%"
"08/17/2022","0.03332","0.03334","0.03342","0.03330","","0.00%"
"08/16/2022","0.03332","0.03332","0.03337","0.03326","","0.11%"
"08/15/2022","0.03329","0.03336","0.03341","0.03328","","-0.13%"
"08/12/2022","0.03333","0.03332","0.03342","0.03329","","0.08%"
"08/11/2022","0.03330","0.03343","0.03351","0.03330","","-0.32%"
"08/10/2022","0.03341","0.03327","0.03346","0.03324","","0.45%"
"08/09/2022","0.03326","0.03329","0.03337","0.03325","","-0.05%"
"08/08/2022","0.03328","0.03334","0.03340","0.03323","","-0.16%"
"08/05/2022","0.03333","0.03334","0.03344","0.03327","","-0.03%"
"08/04/2022","0.03334","0.03337","0.03340","0.03328","","-0.03%"
"08/03/2022","0.03335","0.03337","0.03343","0.03328","","0.00%"
"08/02/2022","0.03335","0.03315","0.03350","0.03308","","0.57%"
"08/01/2022","0.03316","0.03323","0.03336","0.03309","","-0.43%"
"07/29/2022","0.03330","0.03345","0.03349","0.03319","","-0.36%"
"07/28/2022","0.03342","0.03342","0.03350","0.03334","","0.03%"
"07/27/2022","0.03341","0.03335","0.03347","0.03330","","0.23%"
"07/26/2022","0.03334","0.03343","0.03353","0.03334","","-0.23%"
"07/25/2022","0.03341","0.03348","0.03355","0.03340","","-0.35%"
"07/22/2022","0.03353","0.03344","0.03355","0.03334","","0.30%"
"07/21/2022","0.03343","0.03338","0.03347","0.03334","","0.21%"
"07/20/2022","0.03336","0.03350","0.03357","0.03336","","-0.41%"
"07/19/2022","0.03350","0.03344","0.03352","0.03337","","0.17%"
"07/18/2022","0.03344","0.03341","0.03349","0.03338","","0.10%"
"07/15/2022","0.03341","0.03338","0.03346","0.03333","","0.12%"
"07/14/2022","0.03337","0.03353","0.03360","0.03331","","-0.43%"
"07/13/2022","0.03351","0.03345","0.03361","0.03343","","0.23%"
"07/12/2022","0.03343","0.03347","0.03354","0.03339","","-0.06%"
"07/11/2022","0.03345","0.03358","0.03363","0.03343","","-0.38%"
"07/08/2022","0.03358","0.03361","0.03365","0.03353","","-0.07%"
"07/07/2022","0.03360","0.03353","0.03363","0.03351","","0.23%"
"07/06/2022","0.03353","0.03353","0.03359","0.03349","","0.03%"
"07/05/2022","0.03352","0.03364","0.03371","0.03342","","-0.31%"
"07/04/2022","0.03362","0.03354","0.03369","0.03348","","0.28%"
"07/01/2022","0.03353","0.03367","0.03371","0.03344","","-0.29%"
"06/30/2022","0.03363","0.03362","0.03371","0.03349","","0.09%"
"06/29/2022","0.03360","0.03365","0.03377","0.03359","","0.00%"
"06/28/2022","0.03360","0.03375","0.03378","0.03359","","-0.36%"
"06/27/2022","0.03372","0.03366","0.03383","0.03362","","0.24%"
"06/24/2022","0.03364","0.03363","0.03376","0.03356","","0.05%"
"06/23/2022","0.03362","0.03358","0.03369","0.03351","","0.18%"
"06/22/2022","0.03356","0.03362","0.03367","0.03349","","-0.15%"
"06/21/2022","0.03362","0.03363","0.03372","0.03358","","-0.05%"
"06/20/2022","0.03363","0.03359","0.03369","0.03354","","0.00%"
"06/17/2022","0.03363","0.03364","0.03380","0.03351","","0.03%"
"06/16/2022","0.03362","0.03375","0.03387","0.03351","","-0.33%"
"06/15/2022","0.03374","0.03368","0.03384","0.03357","","0.23%"
"06/14/2022","0.03366","0.03357","0.03377","0.03351","","0.29%"
"06/13/2022","0.03356","0.03372","0.03375","0.03354","","-0.44%"
"06/10/2022","0.03371","0.03380","0.03385","0.03369","","-0.13%"
"06/09/2022","0.03375","0.03390","0.03397","0.03367","","-0.34%"
"06/08/2022","0.03386","0.03385","0.03400","0.03381","","-0.03%"
"06/07/2022","0.03387","0.03398","0.03408","0.03384","","-0.23%"
"06/06/2022","0.03395","0.03406","0.03409","0.03395","","-0.21%"
"06/03/2022","0.03402","0.03424","0.03437","0.03400","","-0.62%"
"06/02/2022","0.03424","0.03421","0.03432","0.03399","","0.13%"
"06/01/2022","0.03419","0.03444","0.03458","0.03415","","-0.73%"
"05/31/2022","0.03444","0.03450","0.03458","0.03429","","-0.18%"
"05/30/2022","0.03450","0.03412","0.03461","0.03407","","1.13%"
"05/27/2022","0.03412","0.03399","0.03419","0.03390","","0.60%"
"05/26/2022","0.03391","0.03387","0.03403","0.03382","","0.18%"
"05/25/2022","0.03385","0.03377","0.03392","0.03374","","0.23%"
"05/24/2022","0.03377","0.03380","0.03391","0.03373","","-0.07%"
"05/23/2022","0.03380","0.03367","0.03385","0.03363","","0.52%"
"05/20/2022","0.03362","0.03367","0.03381","0.03359","","-0.09%"
"05/19/2022","0.03365","0.03354","0.03372","0.03351","","0.36%"
"05/18/2022","0.03353","0.03369","0.03385","0.03352","","-0.52%"
"05/17/2022","0.03371","0.03359","0.03386","0.03352","","0.41%"
"05/16/2022","0.03357","0.03356","0.03363","0.03350","","0.07%"
"05/13/2022","0.03354","0.03347","0.03361","0.03342","","0.28%"
"05/12/2022","0.03345","0.03360","0.03368","0.03342","","-0.42%"
"05/11/2022","0.03359","0.03365","0.03377","0.03358","","-0.12%"
"05/10/2022","0.03363","0.03356","0.03376","0.03349","","0.38%"
"05/09/2022","0.03350","0.03371","0.03373","0.03350","","-0.52%"
"05/06/2022","0.03368","0.03370","0.03382","0.03362","","-0.03%"
"05/05/2022","0.03368","0.03409","0.03416","0.03362","","-1.07%"
"05/04/2022","0.03405","0.03388","0.03410","0.03383","","0.50%"
"05/03/2022","0.03388","0.03386","0.03394","0.03381","","0.12%"
"05/02/2022","0.03384","0.03396","0.03406","0.03381","","-0.30%"
"04/29/2022","0.03394","0.03385","0.03406","0.03381","","0.27%"
"04/28/2022","0.03385","0.03399","0.03406","0.03378","","-0.35%"
"04/27/2022","0.03397","0.03402","0.03412","0.03393","","-0.11%"
"04/26/2022","0.03401","0.03415","0.03425","0.03401","","-0.14%"
"04/25/2022","0.03405","0.03408","0.03421","0.03397","","0.15%"
"04/22/2022","0.03400","0.03414","0.03424","0.03405","","-0.35%"
"04/21/2022","0.03412","0.03418","0.03432","0.03410","","-0.19%"
"04/20/2022","0.03419","0.03410","0.03426","0.03408","","0.27%"
"04/19/2022","0.03410","0.03417","0.03426","0.03410","","-0.09%"
"04/18/2022","0.03413","0.03431","0.03436","0.03411","","-0.55%"
"04/15/2022","0.03432","0.03442","0.03451","0.03428","","-0.24%"
"04/14/2022","0.03440","0.03447","0.03463","0.03430","","-0.15%"
"04/13/2022","0.03445","0.03435","0.03456","0.03421","","0.35%"
"04/12/2022","0.03433","0.03440","0.03444","0.03424","","-0.15%"
"04/11/2022","0.03438","0.03457","0.03461","0.03433","","-0.58%"
"04/08/2022","0.03458","0.03466","0.03472","0.03451","","-0.20%"
"04/07/2022","0.03465","0.03477","0.03484","0.03464","","-0.24%"
"04/06/2022","0.03473","0.03485","0.03490","0.03469","","-0.28%"
"04/05/2022","0.03483","0.03490","0.03497","0.03482","","-0.21%"
"04/04/2022","0.03490","0.03489","0.03495","0.03484","","0.16%"
"04/01/2022","0.03485","0.03491","0.03496","0.03477","","-0.13%"
"03/31/2022","0.03489","0.03499","0.03509","0.03484","","-0.22%"
"03/30/2022","0.03497","0.03483","0.03513","0.03474","","0.40%"
"03/29/2022","0.03483","0.03474","0.03492","0.03465","","0.40%"
"03/28/2022","0.03469","0.03486","0.03492","0.03464","","-0.44%"
"03/25/2022","0.03484","0.03487","0.03498","0.03475","","-0.02%"
"03/24/2022","0.03485","0.03495","0.03502","0.03481","","-0.23%"
"03/23/2022","0.03493","0.03506","0.03512","0.03490","","-0.21%"
"03/22/2022","0.03501","0.03507","0.03519","0.03493","","-0.13%"
"03/21/2022","0.03506","0.03525","0.03531","0.03500","","-0.49%"
"03/18/2022","0.03523","0.03542","0.03550","0.03514","","-0.49%"
"03/17/2022","0.03540","0.03509","0.03551","0.03496","","0.93%"
"03/16/2022","0.03508","0.03500","0.03517","0.03487","","0.27%"
"03/15/2022","0.03498","0.03502","0.03511","0.03489","","-0.05%"
"03/14/2022","0.03500","0.03520","0.03522","0.03500","","-0.51%"
"03/11/2022","0.03518","0.03528","0.03533","0.03514","","-0.17%"
"03/10/2022","0.03524","0.03532","0.03539","0.03519","","-0.18%"
"03/09/2022","0.03531","0.03527","0.03536","0.03512","","0.09%"
"03/08/2022","0.03528","0.03535","0.03539","0.03519","","-0.12%"
"03/07/2022","0.03532","0.03554","0.03555","0.03525","","-0.57%"
"03/04/2022","0.03552","0.03562","0.03566","0.03539","","-0.22%"
"03/03/2022","0.03560","0.03568","0.03574","0.03556","","-0.16%"
"03/02/2022","0.03566","0.03556","0.03576","0.03555","","0.18%"
"03/01/2022","0.03559","0.03568","0.03576","0.03556","","-0.24%"
"02/28/2022","0.03568","0.03574","0.03575","0.03557","","-0.11%"
"02/25/2022","0.03572","0.03563","0.03581","0.03558","","0.32%"
"02/24/2022","0.03561","0.03584","0.03590","0.03541","","-0.64%"
"02/23/2022","0.03584","0.03586","0.03592","0.03582","","0.09%"
"02/22/2022","0.03580","0.03590","0.03595","0.03583","","-0.23%"
"02/21/2022","0.03588","0.03589","0.03600","0.03584","","0.00%"
"02/18/2022","0.03588","0.03588","0.03593","0.03580","","0.22%"
"02/17/2022","0.03580","0.03592","0.03595","0.03577","","-0.21%"
"02/16/2022","0.03588","0.03590","0.03594","0.03581","","0.00%"
"02/15/2022","0.03588","0.03587","0.03592","0.03579","","0.08%"
"02/14/2022","0.03585","0.03583","0.03590","0.03580","","0.09%"
"02/11/2022","0.03581","0.03589","0.03595","0.03574","","-0.16%"
"02/10/2022","0.03587","0.03598","0.03601","0.03579","","-0.24%"
"02/09/2022","0.03596","0.03594","0.03600","0.03587","","0.10%"
"02/08/2022","0.03592","0.03591","0.03599","0.03586","","0.05%"
"02/07/2022","0.03590","0.03595","0.03601","0.03586","","-0.09%"
"02/04/2022","0.03593","0.03598","0.03610","0.03587","","-0.09%"
"02/03/2022","0.03597","0.03596","0.03602","0.03585","","0.04%"
"02/02/2022","0.03595","0.03595","0.03604","0.03590","","0.00%"
"02/01/2022","0.03595","0.03599","0.03602","0.03590","","-0.04%"
"01/31/2022","0.03597","0.03592","0.03604","0.03574","","0.19%"
"01/28/2022","0.03590","0.03595","0.03602","0.03584","","-0.08%"
"01/27/2022","0.03593","0.03602","0.03614","0.03588","","-0.23%"
"01/26/2022","0.03601","0.03608","0.03618","0.03598","","-0.17%"
"01/25/2022","0.03607","0.03611","0.03620","0.03601","","0.00%"
"01/24/2022","0.03607","0.03609","0.03615","0.03598","","0.00%"
"01/21/2022","0.03607","0.03616","0.03626","0.03605","","-0.25%"
"01/20/2022","0.03616","0.03618","0.03631","0.03612","","0.00%"
"01/19/2022","0.03616","0.03620","0.03633","0.03614","","-0.09%"
"01/18/2022","0.03619","0.03633","0.03648","0.03619","","-0.33%"
"01/17/2022","0.03631","0.03630","0.03640","0.03617","","0.04%"
"01/14/2022","0.03630","0.03618","0.03634","0.03614","","0.38%"
"01/13/2022","0.03616","0.03615","0.03628","0.03611","","0.08%"
"01/12/2022","0.03613","0.03613","0.03621","0.03608","","0.06%"
"01/11/2022","0.03611","0.03614","0.03622","0.03605","","-0.03%"
"01/10/2022","0.03612","0.03621","0.03622","0.03605","","-0.19%"
"01/07/2022","0.03619","0.03615","0.03622","0.03603","","0.14%"
"01/06/2022","0.03614","0.03616","0.03630","0.03608","","-0.20%"
"01/05/2022","0.03621","0.03632","0.03641","0.03615","","-0.28%"
"01/04/2022","0.03631","0.03618","0.03636","0.03615","","0.39%"
"01/03/2022","0.03617","0.03608","0.03623","0.03606","","0.27%"
"12/31/2021","0.03607","0.03605","0.03625","0.03596","","0.11%"
"12/30/2021","0.03603","0.03617","0.03633","0.03601","","-0.31%"
"12/29/2021","0.03615","0.03616","0.03624","0.03610","","0.09%"
"12/28/2021","0.03611","0.03611","0.03623","0.03609","","0.08%"
"12/27/2021","0.03608","0.03611","0.03616","0.03602","","-0.02%"
"12/24/2021","0.03609","0.03609","0.03619","0.03598","","0.06%"
"12/23/2021","0.03607","0.03600","0.03611","0.03595","","0.25%"
"12/22/2021","0.03598","0.03597","0.03605","0.03589","","0.10%"
"12/21/2021","0.03595","0.03588","0.03598","0.03585","","0.24%"
"12/20/2021","0.03586","0.03592","0.03599","0.03582","","-0.10%"
"12/17/2021","0.03590","0.03594","0.03604","0.03587","","-0.07%"
"12/16/2021","0.03592","0.03597","0.03605","0.03587","","-0.10%"
"12/15/2021","0.03596","0.03592","0.03602","0.03585","","0.11%"
"12/14/2021","0.03592","0.03593","0.03603","0.03583","","-0.03%"
"12/13/2021","0.03593","0.03617","0.03617","0.03590","","-0.62%"
"12/10/2021","0.03615","0.03605","0.03618","0.03599","","0.36%"
"12/09/2021","0.03602","0.03607","0.03619","0.03596","","-0.11%"
"12/08/2021","0.03606","0.03603","0.03614","0.03599","","0.11%"
"12/07/2021","0.03602","0.03606","0.03614","0.03594","","-0.06%"
"12/06/2021","0.03604","0.03614","0.03614","0.03602","","-0.20%"
"12/03/2021","0.03612","0.03601","0.03617","0.03598","","0.35%"
"12/02/2021","0.03599","0.03609","0.03621","0.03599","","-0.09%"
"12/01/2021","0.03603","0.03618","0.03625","0.03596","","-0.36%"
"11/30/2021","0.03616","0.03600","0.03620","0.03596","","0.48%"
"11/29/2021","0.03598","0.03588","0.03602","0.03586","","0.33%"
"11/26/2021","0.03586","0.03596","0.03600","0.03578","","-0.20%"
"11/25/2021","0.03594","0.03596","0.03602","0.03591","","0.01%"
"11/24/2021","0.03593","0.03597","0.03602","0.03588","","-0.07%"
"11/23/2021","0.03596","0.03595","0.03605","0.03588","","0.07%"
"11/22/2021","0.03593","0.03597","0.03602","0.03588","","-0.05%"
"11/19/2021","0.03595","0.03592","0.03602","0.03583","","0.21%"
"11/18/2021","0.03588","0.03601","0.03604","0.03584","","-0.27%"
"11/17/2021","0.03597","0.03591","0.03603","0.03588","","0.22%"
"11/16/2021","0.03590","0.03599","0.03606","0.03585","","-0.19%"
"11/15/2021","0.03596","0.03598","0.03605","0.03592","","0.02%"
"11/12/2021","0.03596","0.03593","0.03602","0.03586","","0.10%"
"11/11/2021","0.03592","0.03597","0.03603","0.03588","","-0.09%"
"11/10/2021","0.03595","0.03600","0.03610","0.03590","","-0.07%"
"11/09/2021","0.03598","0.03591","0.03611","0.03589","","0.23%"
"11/08/2021","0.03590","0.03591","0.03596","0.03583","","0.00%"
"11/05/2021","0.03589","0.03585","0.03593","0.03575","","0.16%"
"11/04/2021","0.03584","0.03597","0.03600","0.03575","","-0.36%"
"11/03/2021","0.03596","0.03586","0.03599","0.03579","","0.32%"
"11/02/2021","0.03585","0.03590","0.03597","0.03580","","-0.13%"
"11/01/2021","0.03590","0.03593","0.03596","0.03586","","-0.09%"
"10/29/2021","0.03593","0.03598","0.03607","0.03580","","-0.12%"
"10/28/2021","0.03597","0.03595","0.03606","0.03587","","0.11%"
"10/27/2021","0.03593","0.03597","0.03606","0.03586","","-0.04%"
"10/26/2021","0.03595","0.03587","0.03605","0.03584","","0.23%"
"10/25/2021","0.03587","0.03590","0.03593","0.03582","","-0.02%"
"10/22/2021","0.03587","0.03588","0.03595","0.03578","","0.04%"
"10/21/2021","0.03586","0.03587","0.03595","0.03582","","-0.03%"
"10/20/2021","0.03587","0.03589","0.03599","0.03578","","-0.04%"
"10/19/2021","0.03588","0.03572","0.03598","0.03566","","0.48%"
"10/18/2021","0.03571","0.03576","0.03576","0.03566","","-0.07%"
"10/15/2021","0.03574","0.03567","0.03579","0.03558","","0.21%"
"10/14/2021","0.03566","0.03564","0.03571","0.03555","","0.11%"
"10/13/2021","0.03562","0.03554","0.03570","0.03548","","0.26%"
"10/12/2021","0.03553","0.03565","0.03568","0.03546","","-0.30%"
"10/11/2021","0.03564","0.03562","0.03573","0.03554","","0.12%"
"10/08/2021","0.03560","0.03572","0.03576","0.03551","","-0.32%"
"10/07/2021","0.03571","0.03574","0.03582","0.03567","","-0.06%"
"10/06/2021","0.03573","0.03583","0.03589","0.03561","","-0.24%"
"10/05/2021","0.03582","0.03580","0.03589","0.03573","","0.08%"
"10/04/2021","0.03579","0.03601","0.03602","0.03572","","-0.55%"
"10/01/2021","0.03599","0.03592","0.03602","0.03585","","0.26%"
"09/30/2021","0.03590","0.03589","0.03601","0.03585","","0.05%"
"09/29/2021","0.03588","0.03594","0.03605","0.03585","","-0.28%"
"09/28/2021","0.03598","0.03607","0.03615","0.03593","","-0.24%"
"09/27/2021","0.03607","0.03605","0.03614","0.03603","","0.11%"
"09/24/2021","0.03603","0.03603","0.03614","0.03598","","0.02%"
"09/23/2021","0.03602","0.03601","0.03612","0.03594","","0.04%"
"09/22/2021","0.03601","0.03602","0.03610","0.03593","","-0.03%"
"09/21/2021","0.03602","0.03595","0.03607","0.03587","","0.43%"
"09/20/2021","0.03586","0.03598","0.03600","0.03585","","-0.26%"
"09/17/2021","0.03596","0.03603","0.03614","0.03589","","-0.18%"
"09/16/2021","0.03602","0.03614","0.03620","0.03597","","-0.30%"
"09/15/2021","0.03613","0.03610","0.03621","0.03601","","0.10%"
"09/14/2021","0.03610","0.03612","0.03619","0.03606","","-0.04%"
"09/13/2021","0.03611","0.03615","0.03620","0.03605","","-0.05%"
"09/10/2021","0.03613","0.03613","0.03627","0.03605","","0.00%"
"09/09/2021","0.03613","0.03607","0.03619","0.03599","","0.20%"
"09/08/2021","0.03605","0.03619","0.03624","0.03599","","-0.36%"
"09/07/2021","0.03619","0.03630","0.03632","0.03609","","-0.29%"
"09/06/2021","0.03629","0.03620","0.03630","0.03614","","0.30%"
"09/03/2021","0.03618","0.03613","0.03625","0.03605","","0.15%"
"09/02/2021","0.03613","0.03606","0.03619","0.03601","","0.39%"
"09/01/2021","0.03599","0.03615","0.03626","0.03597","","-0.29%"
"08/31/2021","0.03609","0.03602","0.03623","0.03598","","0.24%"
"08/30/2021","0.03601","0.03586","0.03606","0.03584","","0.46%"
"08/27/2021","0.03584","0.03579","0.03590","0.03572","","0.15%"
"08/26/2021","0.03579","0.03580","0.03588","0.03571","","-0.03%"
"08/25/2021","0.03580","0.03581","0.03587","0.03574","","0.18%"
"08/24/2021","0.03573","0.03579","0.03586","0.03572","","-0.13%"
"08/23/2021","0.03578","0.03574","0.03582","0.03568","","0.18%"
"08/20/2021","0.03572","0.03566","0.03578","0.03556","","0.21%"
"08/19/2021","0.03564","0.03589","0.03592","0.03557","","-0.58%"
"08/18/2021","0.03585","0.03581","0.03596","0.03579","","0.16%"
"08/17/2021","0.03579","0.03592","0.03598","0.03571","","-0.35%"
"08/16/2021","0.03592","0.03594","0.03599","0.03586","","0.00%"
"08/13/2021","0.03592","0.03594","0.03598","0.03584","","-0.03%"
"08/12/2021","0.03593","0.03595","0.03601","0.03586","","0.00%"
"08/11/2021","0.03593","0.03588","0.03599","0.03582","","0.14%"
"08/10/2021","0.03588","0.03593","0.03599","0.03584","","-0.08%"
"08/09/2021","0.03591","0.03595","0.03599","0.03585","","-0.04%"
"08/06/2021","0.03593","0.03600","0.03606","0.03578","","-0.16%"
"08/05/2021","0.03599","0.03599","0.03608","0.03594","","0.05%"
"08/04/2021","0.03597","0.03585","0.03609","0.03577","","0.39%"
"08/03/2021","0.03583","0.03582","0.03587","0.03575","","0.17%"
"08/02/2021","0.03577","0.03579","0.03585","0.03573","","-0.06%"
"07/30/2021","0.03579","0.03584","0.03590","0.03570","","-0.06%"
"07/29/2021","0.03581","0.03578","0.03591","0.03571","","0.16%"
"07/28/2021","0.03576","0.03565","0.03584","0.03561","","0.31%"
"07/27/2021","0.03564","0.03563","0.03572","0.03556","","0.19%"
"07/26/2021","0.03557","0.03565","0.03570","0.03557","","-0.16%"
"07/23/2021","0.03563","0.03568","0.03573","0.03555","","-0.10%"
"07/22/2021","0.03567","0.03570","0.03578","0.03561","","-0.04%"
"07/21/2021","0.03568","0.03565","0.03576","0.03558","","0.11%"
"07/20/2021","0.03564","0.03559","0.03570","0.03554","","0.17%"
"07/19/2021","0.03558","0.03573","0.03576","0.03549","","-0.36%"
"07/16/2021","0.03571","0.03582","0.03587","0.03564","","-0.18%"
"07/15/2021","0.03578","0.03568","0.03587","0.03567","","0.17%"
"07/14/2021","0.03572","0.03565","0.03576","0.03559","","0.25%"
"07/13/2021","0.03563","0.03571","0.03577","0.03557","","-0.18%"
"07/12/2021","0.03569","0.03576","0.03577","0.03558","","-0.13%"
"07/09/2021","0.03574","0.03569","0.03578","0.03560","","0.15%"
"07/08/2021","0.03568","0.03571","0.03587","0.03531","","-0.05%"
"07/07/2021","0.03570","0.03572","0.03594","0.03547","","-0.05%"
"07/06/2021","0.03572","0.03585","0.03589","0.03562","","-0.34%"
"07/05/2021","0.03584","0.03583","0.03590","0.03573","","0.07%"
"07/02/2021","0.03582","0.03580","0.03591","0.03552","","0.06%"
"07/01/2021","0.03580","0.03582","0.03594","0.03571","","-0.06%"
"06/30/2021","0.03582","0.03579","0.03594","0.03566","","0.08%"
"06/29/2021","0.03579","0.03585","0.03605","0.03561","","-0.16%"
"06/28/2021","0.03585","0.03587","0.03595","0.03574","","0.09%"
"06/25/2021","0.03582","0.03583","0.03595","0.03565","","0.00%"
"06/24/2021","0.03582","0.03575","0.03593","0.03552","","0.20%"
"06/23/2021","0.03574","0.03572","0.03581","0.03551","","0.09%"
"06/22/2021","0.03571","0.03584","0.03600","0.03563","","-0.35%"
"06/21/2021","0.03584","0.03598","0.03604","0.03572","","-0.36%"
"06/18/2021","0.03597","0.03601","0.03613","0.03575","","-0.09%"
"06/17/2021","0.03600","0.03601","0.03610","0.03586","","0.00%"
"06/16/2021","0.03600","0.03615","0.03632","0.03592","","-0.40%"
"06/15/2021","0.03615","0.03611","0.03653","0.03590","","0.14%"
"06/14/2021","0.03610","0.03616","0.03620","0.03603","","-0.12%"
"06/11/2021","0.03614","0.03614","0.03631","0.03598","","0.02%"
"06/10/2021","0.03613","0.03609","0.03618","0.03597","","0.15%"
"06/09/2021","0.03608","0.03607","0.03632","0.03583","","0.00%"
"06/08/2021","0.03608","0.03606","0.03632","0.03588","","0.08%"
"06/07/2021","0.03605","0.03630","0.03630","0.03599","","-0.63%"
"06/04/2021","0.03628","0.03609","0.03631","0.03589","","0.45%"
"06/03/2021","0.03611","0.03614","0.03640","0.03598","","-0.06%"
"06/02/2021","0.03614","0.03626","0.03651","0.03599","","-0.34%"
"06/01/2021","0.03626","0.03628","0.03646","0.03610","","-0.02%"
"05/31/2021","0.03627","0.03610","0.03635","0.03603","","0.58%"
"05/28/2021","0.03606","0.03596","0.03622","0.03580","","0.29%"
"05/27/2021","0.03595","0.03601","0.03613","0.03588","","-0.14%"
"05/26/2021","0.03601","0.03585","0.03617","0.03578","","0.43%"
"05/25/2021","0.03585","0.03580","0.03607","0.03557","","0.15%"
"05/24/2021","0.03580","0.03576","0.03587","0.03568","","0.13%"
"05/21/2021","0.03575","0.03578","0.03602","0.03558","","-0.08%"
"05/20/2021","0.03578","0.03573","0.03588","0.03553","","0.16%"
"05/19/2021","0.03572","0.03577","0.03616","0.03562","","-0.14%"
"05/18/2021","0.03577","0.03558","0.03589","0.03553","","0.56%"
"05/17/2021","0.03557","0.03575","0.03577","0.03545","","-0.44%"
"05/14/2021","0.03573","0.03577","0.03592","0.03573","","-0.06%"
"05/13/2021","0.03575","0.03567","0.03581","0.03563","","0.29%"
"05/12/2021","0.03565","0.03578","0.03582","0.03563","","-0.31%"
"05/11/2021","0.03576","0.03601","0.03607","0.03574","","-0.64%"
"05/10/2021","0.03599","0.03597","0.03616","0.03589","","0.16%"
"05/07/2021","0.03593","0.03577","0.03608","0.03575","","0.48%"
"05/06/2021","0.03576","0.03578","0.03586","0.03571","","0.06%"
"05/05/2021","0.03574","0.03575","0.03584","0.03569","","0.03%"
"05/04/2021","0.03573","0.03581","0.03592","0.03564","","-0.18%"
"05/03/2021","0.03579","0.03589","0.03590","0.03571","","-0.22%"
"04/30/2021","0.03587","0.03591","0.03601","0.03573","","0.04%"
"04/29/2021","0.03586","0.03588","0.03599","0.03578","","0.00%"
"04/28/2021","0.03586","0.03577","0.03594","0.03576","","0.23%"
"04/27/2021","0.03578","0.03591","0.03597","0.03577","","-0.31%"
"04/26/2021","0.03589","0.03565","0.03598","0.03557","","0.71%"
"04/23/2021","0.03563","0.03559","0.03570","0.03553","","0.19%"
"04/22/2021","0.03557","0.03557","0.03569","0.03552","","0.15%"
"04/21/2021","0.03551","0.03556","0.03568","0.03552","","-0.06%"
"04/20/2021","0.03554","0.03553","0.03584","0.03533","","0.00%"
"04/19/2021","0.03554","0.03538","0.03564","0.03525","","0.80%"
"04/16/2021","0.03525","0.03531","0.03558","0.03506","","-0.12%"
"04/15/2021","0.03530","0.03515","0.03538","0.03496","","0.42%"
"04/14/2021","0.03515","0.03518","0.03519","0.03507","","-0.04%"
"04/13/2021","0.03516","0.03516","0.03522","0.03503","","0.03%"
"04/12/2021","0.03515","0.03512","0.03519","0.03504","","0.09%"
"04/09/2021","0.03512","0.03516","0.03523","0.03510","","-0.05%"
"04/08/2021","0.03514","0.03514","0.03537","0.03497","","0.00%"
"04/07/2021","0.03514","0.03515","0.03526","0.03509","","0.00%"
"04/06/2021","0.03513","0.03515","0.03522","0.03505","","0.09%"
"04/05/2021","0.03510","0.03503","0.03518","0.03501","","0.25%"
"04/02/2021","0.03501","0.03510","0.03519","0.03501","","-0.19%"
"04/01/2021","0.03508","0.03514","0.03523","0.03497","","-0.12%"
"03/31/2021","0.03512","0.03507","0.03519","0.03503","","0.20%"
"03/30/2021","0.03505","0.03502","0.03515","0.03496","","0.12%"
"03/29/2021","0.03501","0.03496","0.03510","0.03488","","0.17%"
"03/26/2021","0.03495","0.03494","0.03508","0.03487","","0.03%"
"03/25/2021","0.03494","0.03508","0.03520","0.03487","","-0.36%"
"03/24/2021","0.03506","0.03511","0.03516","0.03499","","-0.08%"
"03/23/2021","0.03509","0.03522","0.03534","0.03504","","-0.31%"
"03/22/2021","0.03520","0.03521","0.03525","0.03509","","0.03%"
"03/19/2021","0.03519","0.03514","0.03526","0.03511","","0.06%"
"03/18/2021","0.03517","0.03539","0.03549","0.03507","","-0.60%"
"03/17/2021","0.03538","0.03541","0.03548","0.03526","","-0.03%"
"03/16/2021","0.03539","0.03541","0.03550","0.03533","","0.00%"
"03/15/2021","0.03539","0.03551","0.03554","0.03532","","-0.30%"
"03/12/2021","0.03550","0.03559","0.03570","0.03534","","-0.23%"
"03/11/2021","0.03558","0.03538","0.03561","0.03529","","0.62%"
"03/10/2021","0.03536","0.03538","0.03542","0.03521","","-0.03%"
"03/09/2021","0.03537","0.03534","0.03542","0.03517","","0.19%"
"03/08/2021","0.03531","0.03578","0.03582","0.03529","","-1.31%"
"03/05/2021","0.03577","0.03585","0.03594","0.03573","","-0.16%"
"03/04/2021","0.03583","0.03599","0.03607","0.03583","","-0.42%"
"03/03/2021","0.03598","0.03592","0.03607","0.03585","","0.21%"
"03/02/2021","0.03591","0.03594","0.03606","0.03580","","-0.09%"
"03/01/2021","0.03594","0.03587","0.03597","0.03585","","0.25%"
"02/26/2021","0.03585","0.03585","0.03600","0.03579","","0.00%"
"02/25/2021","0.03585","0.03592","0.03602","0.03582","","-0.16%"
"02/24/2021","0.03591","0.03589","0.03596","0.03585","","0.03%"
"02/23/2021","0.03590","0.03583","0.03595","0.03580","","0.22%"
"02/22/2021","0.03582","0.03581","0.03587","0.03577","","0.04%"
"02/19/2021","0.03580","0.03583","0.03588","0.03573","","-0.09%"
"02/18/2021","0.03584","0.03573","0.03587","0.03568","","0.31%"
"02/17/2021","0.03572","0.03568","0.03579","0.03561","","0.13%"
"02/16/2021","0.03568","0.03569","0.03584","0.03560","","-0.05%"
"02/15/2021","0.03569","0.03568","0.03577","0.03564","","0.06%"
"02/12/2021","0.03567","0.03571","0.03585","0.03563","","-0.03%"
"02/11/2021","0.03568","0.03567","0.03582","0.03564","","0.04%"
"02/10/2021","0.03567","0.03573","0.03589","0.03563","","-0.16%"
"02/09/2021","0.03572","0.03571","0.03585","0.03566","","0.19%"
"02/08/2021","0.03565","0.03573","0.03584","0.03565","","-0.15%"
"02/05/2021","0.03571","0.03571","0.03583","0.03566","","0.00%"
"02/04/2021","0.03571","0.03577","0.03589","0.03564","","-0.14%"
"02/03/2021","0.03576","0.03578","0.03585","0.03568","","0.00%"
"02/02/2021","0.03576","0.03569","0.03580","0.03566","","0.21%"
"02/01/2021","0.03568","0.03569","0.03581","0.03563","","0.03%"
"01/29/2021","0.03568","0.03572","0.03582","0.03563","","-0.11%"
"01/28/2021","0.03571","0.03568","0.03580","0.03554","","-0.06%"
"01/27/2021","0.03574","0.03571","0.03584","0.03561","","0.16%"
"01/26/2021","0.03568","0.03572","0.03582","0.03565","","-0.06%"
"01/25/2021","0.03570","0.03576","0.03577","0.03567","","-0.10%"
"01/22/2021","0.03574","0.03577","0.03587","0.03568","","-0.08%"
"01/21/2021","0.03577","0.03571","0.03589","0.03568","","0.06%"
"01/20/2021","0.03575","0.03571","0.03582","0.03560","","0.12%"
"01/19/2021","0.03570","0.03572","0.03581","0.03564","","0.00%"
"01/18/2021","0.03571","0.03572","0.03577","0.03562","","0.00%"
"01/15/2021","0.03570","0.03573","0.03585","0.03564","","-0.06%"
"01/14/2021","0.03572","0.03566","0.03579","0.03564","","0.08%"
"01/13/2021","0.03570","0.03572","0.03578","0.03562","","-0.02%"
"01/12/2021","0.03570","0.03567","0.03583","0.03563","","0.14%"
"01/11/2021","0.03565","0.03569","0.03577","0.03560","","-0.06%"
"01/08/2021","0.03567","0.03569","0.03579","0.03559","","0.03%"
"01/07/2021","0.03566","0.03570","0.03578","0.03559","","-0.05%"
"01/06/2021","0.03568","0.03574","0.03582","0.03564","","-0.13%"
"01/05/2021","0.03573","0.03559","0.03579","0.03551","","0.42%"
"01/04/2021","0.03557","0.03563","0.03568","0.03553","","-0.09%"
"01/01/2021","0.03561","0.03557","0.03567","0.03555","","0.07%"
"12/31/2020","0.03558","0.03555","0.03566","0.03550","","0.12%"
"12/30/2020","0.03554","0.03559","0.03568","0.03551","","-0.12%"
"12/29/2020","0.03558","0.03556","0.03565","0.03548","","0.08%"
"12/28/2020","0.03555","0.03555","0.03561","0.03550","","0.02%"
"12/25/2020","0.03554","0.03556","0.03568","0.03552","","0.00%"
"12/24/2020","0.03554","0.03552","0.03559","0.03549","","0.10%"
"12/23/2020","0.03551","0.03550","0.03561","0.03546","","0.00%"
"12/22/2020","0.03550","0.03552","0.03555","0.03544","","0.00%"
"12/21/2020","0.03550","0.03550","0.03556","0.03535","","0.06%"
"12/18/2020","0.03548","0.03554","0.03559","0.03548","","-0.10%"
"12/17/2020","0.03552","0.03558","0.03563","0.03542","","0.02%"
"12/16/2020","0.03551","0.03555","0.03563","0.03548","","-0.10%"
"12/15/2020","0.03554","0.03555","0.03561","0.03545","","0.03%"
"12/14/2020","0.03553","0.03548","0.03559","0.03545","","0.16%"
"12/11/2020","0.03548","0.03546","0.03555","0.03529","","0.06%"
"12/10/2020","0.03545","0.03538","0.03548","0.03537","","0.27%"
"12/09/2020","0.03536","0.03542","0.03552","0.03535","","-0.10%"
"12/08/2020","0.03540","0.03541","0.03548","0.03535","","0.00%"
"12/07/2020","0.03539","0.03544","0.03545","0.03531","","-0.08%"
"12/04/2020","0.03542","0.03519","0.03553","0.03517","","0.75%"
"12/03/2020","0.03516","0.03507","0.03540","0.03504","","0.24%"
"12/02/2020","0.03507","0.03505","0.03516","0.03499","","0.11%"
"12/01/2020","0.03503","0.03496","0.03508","0.03494","","0.22%"
"11/30/2020","0.03496","0.03506","0.03519","0.03496","","-0.25%"
"11/27/2020","0.03505","0.03508","0.03517","0.03501","","-0.09%"
"11/26/2020","0.03508","0.03511","0.03517","0.03503","","-0.07%"
"11/25/2020","0.03510","0.03510","0.03521","0.03503","","0.02%"
"11/24/2020","0.03509","0.03504","0.03515","0.03498","","0.14%"
"11/23/2020","0.03505","0.03504","0.03510","0.03500","","0.00%"
"11/20/2020","0.03505","0.03503","0.03512","0.03497","","0.02%"
"11/19/2020","0.03504","0.03507","0.03509","0.03499","","-0.05%"
"11/18/2020","0.03506","0.03507","0.03512","0.03503","","-0.02%"
"11/17/2020","0.03506","0.03510","0.03519","0.03500","","-0.04%"
"11/16/2020","0.03508","0.03512","0.03516","0.03497","","-0.07%"
"11/13/2020","0.03510","0.03505","0.03516","0.03502","","0.18%"
"11/12/2020","0.03504","0.03505","0.03514","0.03498","","0.00%"
"11/11/2020","0.03504","0.03493","0.03509","0.03492","","0.19%"
"11/10/2020","0.03497","0.03490","0.03507","0.03490","","0.21%"
"11/09/2020","0.03489","0.03499","0.03515","0.03489","","-0.21%"
"11/06/2020","0.03497","0.03505","0.03510","0.03493","","-0.20%"
"11/05/2020","0.03504","0.03501","0.03511","0.03490","","0.15%"
"11/04/2020","0.03499","0.03495","0.03502","0.03483","","0.19%"
"11/03/2020","0.03492","0.03499","0.03503","0.03489","","-0.16%"
"11/02/2020","0.03498","0.03497","0.03508","0.03490","","0.08%"
"10/30/2020","0.03495","0.03496","0.03525","0.03491","","-0.02%"
"10/29/2020","0.03496","0.03494","0.03502","0.03490","","0.00%"
"10/28/2020","0.03496","0.03496","0.03504","0.03491","","0.04%"
"10/27/2020","0.03494","0.03496","0.03508","0.03491","","0.03%"
"10/26/2020","0.03493","0.03493","0.03500","0.03478","","0.07%"
"10/23/2020","0.03491","0.03481","0.03500","0.03481","","0.26%"
"10/22/2020","0.03481","0.03485","0.03495","0.03477","","-0.05%"
"10/21/2020","0.03483","0.03483","0.03493","0.03479","","0.07%"
"10/20/2020","0.03481","0.03479","0.03485","0.03477","","0.10%"
"10/19/2020","0.03477","0.03474","0.03485","0.03473","","0.13%"
"10/16/2020","0.03473","0.03478","0.03482","0.03470","","-0.14%"
"10/15/2020","0.03478","0.03477","0.03485","0.03470","","0.02%"
"10/14/2020","0.03477","0.03479","0.03489","0.03462","","-0.04%"
"10/13/2020","0.03478","0.03494","0.03500","0.03474","","-0.50%"
"10/12/2020","0.03495","0.03495","0.03503","0.03483","","0.05%"
"10/09/2020","0.03494","0.03493","0.03503","0.03488","","0.09%"
"10/08/2020","0.03491","0.03487","0.03494","0.03477","","0.15%"
"10/07/2020","0.03485","0.03470","0.03493","0.03465","","0.47%"
"10/06/2020","0.03469","0.03478","0.03488","0.03468","","-0.22%"
"10/05/2020","0.03477","0.03456","0.03487","0.03455","","0.65%"
"10/02/2020","0.03454","0.03463","0.03464","0.03451","","-0.20%"
"10/01/2020","0.03461","0.03455","0.03468","0.03454","","0.14%"
"09/30/2020","0.03456","0.03450","0.03461","0.03443","","0.29%"
"09/29/2020","0.03446","0.03435","0.03454","0.03431","","0.30%"
"09/28/2020","0.03436","0.03417","0.03439","0.03414","","0.61%"
"09/25/2020","0.03415","0.03417","0.03427","0.03410","","-0.04%"
"09/24/2020","0.03416","0.03423","0.03433","0.03400","","-0.31%"
"09/23/2020","0.03427","0.03443","0.03447","0.03419","","-0.41%"
"09/22/2020","0.03441","0.03450","0.03453","0.03433","","-0.24%"
"09/21/2020","0.03449","0.03448","0.03474","0.03444","","0.08%"
"09/18/2020","0.03447","0.03431","0.03451","0.03426","","0.49%"
"09/17/2020","0.03430","0.03423","0.03436","0.03418","","0.37%"
"09/16/2020","0.03417","0.03421","0.03433","0.03417","","-0.06%"
"09/15/2020","0.03419","0.03418","0.03429","0.03415","","0.06%"
"09/14/2020","0.03417","0.03413","0.03423","0.03410","","0.13%"
"09/11/2020","0.03413","0.03416","0.03424","0.03408","","-0.04%"
"09/10/2020","0.03414","0.03412","0.03421","0.03409","","0.06%"
"09/09/2020","0.03412","0.03416","0.03429","0.03406","","-0.06%"
"09/08/2020","0.03414","0.03409","0.03422","0.03409","","0.17%"
"09/07/2020","0.03409","0.03409","0.03418","0.03404","","0.05%"
"09/04/2020","0.03407","0.03407","0.03414","0.03404","","0.06%"
"09/03/2020","0.03405","0.03405","0.03414","0.03402","","0.00%"
"09/02/2020","0.03404","0.03405","0.03413","0.03402","","0.03%"
"09/01/2020","0.03403","0.03404","0.03415","0.03401","","0.04%"
"08/31/2020","0.03402","0.03407","0.03412","0.03400","","-0.14%"
"08/28/2020","0.03407","0.03403","0.03416","0.03400","","0.18%"
"08/27/2020","0.03400","0.03406","0.03414","0.03401","","-0.10%"
"08/26/2020","0.03404","0.03404","0.03414","0.03400","","0.04%"
"08/25/2020","0.03403","0.03403","0.03414","0.03399","","0.02%"
"08/24/2020","0.03402","0.03401","0.03412","0.03396","","0.09%"
"08/21/2020","0.03399","0.03399","0.03411","0.03396","","0.00%"
"08/20/2020","0.03399","0.03401","0.03412","0.03392","","-0.04%"
"08/19/2020","0.03400","0.03398","0.03409","0.03397","","0.00%"
"08/18/2020","0.03400","0.03402","0.03408","0.03396","","-0.05%"
"08/17/2020","0.03402","0.03402","0.03407","0.03394","","0.02%"
"08/14/2020","0.03401","0.03397","0.03409","0.03395","","0.16%"
"08/13/2020","0.03396","0.03405","0.03413","0.03393","","-0.22%"
"08/12/2020","0.03403","0.03401","0.03410","0.03393","","0.13%"
"08/11/2020","0.03399","0.03401","0.03411","0.03394","","-0.09%"
"08/10/2020","0.03402","0.03397","0.03407","0.03397","","0.19%"
"08/07/2020","0.03396","0.03402","0.03412","0.03396","","-0.14%"
"08/06/2020","0.03400","0.03405","0.03413","0.03400","","-0.08%"
"08/05/2020","0.03403","0.03402","0.03412","0.03401","","0.06%"
"08/04/2020","0.03401","0.03404","0.03411","0.03398","","-0.11%"
"08/03/2020","0.03405","0.03410","0.03418","0.03397","","0.00%"
"07/31/2020","0.03405","0.03413","0.03418","0.03401","","-0.17%"
"07/30/2020","0.03411","0.03416","0.03420","0.03407","","-0.11%"
"07/29/2020","0.03415","0.03409","0.03420","0.03406","","0.23%"
"07/28/2020","0.03407","0.03409","0.03425","0.03407","","-0.08%"
"07/27/2020","0.03409","0.03394","0.03413","0.03391","","0.51%"
"07/24/2020","0.03392","0.03396","0.03401","0.03388","","-0.08%"
"07/23/2020","0.03395","0.03396","0.03402","0.03391","","0.00%"
"07/22/2020","0.03394","0.03398","0.03405","0.03393","","-0.06%"
"07/21/2020","0.03396","0.03396","0.03403","0.03387","","0.11%"
"07/20/2020","0.03393","0.03393","0.03396","0.03386","","0.02%"
"07/17/2020","0.03392","0.03394","0.03404","0.03386","","0.00%"
"07/16/2020","0.03392","0.03392","0.03398","0.03388","","0.16%"
"07/15/2020","0.03387","0.03391","0.03403","0.03387","","-0.14%"
"07/14/2020","0.03391","0.03396","0.03406","0.03385","","-0.09%"
"07/13/2020","0.03394","0.03392","0.03400","0.03387","","0.10%"
"07/10/2020","0.03391","0.03398","0.03400","0.03382","","-0.18%"
"07/09/2020","0.03397","0.03397","0.03407","0.03392","","0.03%"
"07/08/2020","0.03396","0.03391","0.03403","0.03390","","0.17%"
"07/07/2020","0.03390","0.03402","0.03408","0.03389","","-0.31%"
"07/06/2020","0.03401","0.03395","0.03403","0.03389","","0.18%"
"07/03/2020","0.03395","0.03396","0.03398","0.03390","","0.01%"
"07/02/2020","0.03394","0.03393","0.03399","0.03390","","0.00%"
"07/01/2020","0.03394","0.03397","0.03401","0.03384","","-0.07%"
"06/30/2020","0.03396","0.03393","0.03405","0.03387","","0.12%"
"06/29/2020","0.03392","0.03386","0.03401","0.03377","","0.25%"
"06/26/2020","0.03384","0.03388","0.03393","0.03382","","-0.08%"
"06/25/2020","0.03387","0.03386","0.03393","0.03382","","0.07%"
"06/24/2020","0.03384","0.03382","0.03396","0.03378","","0.09%"
"06/23/2020","0.03381","0.03377","0.03390","0.03374","","0.16%"
"06/22/2020","0.03376","0.03379","0.03383","0.03372","","0.00%"
"06/19/2020","0.03376","0.03377","0.03386","0.03373","","0.03%"
"06/18/2020","0.03375","0.03376","0.03385","0.03370","","0.05%"
"06/17/2020","0.03374","0.03370","0.03380","0.03367","","0.14%"
"06/16/2020","0.03369","0.03373","0.03384","0.03363","","-0.09%"
"06/15/2020","0.03372","0.03373","0.03375","0.03361","","0.00%"
"06/12/2020","0.03372","0.03366","0.03380","0.03359","","0.20%"
"06/11/2020","0.03365","0.03377","0.03388","0.03365","","-0.34%"
"06/10/2020","0.03376","0.03361","0.03391","0.03356","","0.46%"
"06/09/2020","0.03361","0.03369","0.03373","0.03357","","-0.22%"
"06/08/2020","0.03368","0.03364","0.03373","0.03356","","0.06%"
"06/05/2020","0.03366","0.03343","0.03373","0.03342","","0.72%"
"06/04/2020","0.03342","0.03344","0.03349","0.03338","","0.03%"
"06/03/2020","0.03341","0.03340","0.03350","0.03337","","0.09%"
"06/02/2020","0.03338","0.03342","0.03350","0.03335","","-0.14%"
"06/01/2020","0.03343","0.03338","0.03350","0.03332","","0.20%"
"05/29/2020","0.03336","0.03333","0.03342","0.03327","","0.14%"
"05/28/2020","0.03332","0.03329","0.03340","0.03323","","0.12%"
"05/27/2020","0.03328","0.03334","0.03345","0.03324","","-0.20%"
"05/26/2020","0.03334","0.03326","0.03340","0.03324","","0.22%"
"05/25/2020","0.03327","0.03324","0.03332","0.03321","","0.14%"
"05/22/2020","0.03322","0.03339","0.03346","0.03319","","-0.49%"
"05/21/2020","0.03339","0.03342","0.03349","0.03335","","-0.02%"
"05/20/2020","0.03339","0.03339","0.03345","0.03329","","0.05%"
"05/19/2020","0.03338","0.03340","0.03345","0.03334","","-0.03%"
"05/18/2020","0.03339","0.03337","0.03344","0.03325","","0.11%"
"05/15/2020","0.03335","0.03345","0.03348","0.03334","","-0.25%"
"05/14/2020","0.03343","0.03344","0.03350","0.03333","","0.06%"
"05/13/2020","0.03341","0.03341","0.03350","0.03339","","0.04%"
"05/12/2020","0.03340","0.03346","0.03352","0.03340","","-0.16%"
"05/11/2020","0.03345","0.03350","0.03355","0.03339","","-0.09%"
"05/08/2020","0.03348","0.03342","0.03352","0.03341","","0.17%"
"05/07/2020","0.03343","0.03333","0.03347","0.03328","","0.37%"
"05/06/2020","0.03330","0.03347","0.03353","0.03331","","-0.48%"
"05/05/2020","0.03346","0.03354","0.03365","0.03345","","-0.15%"
"05/04/2020","0.03351","0.03344","0.03361","0.03338","","0.28%"
"05/01/2020","0.03342","0.03357","0.03358","0.03339","","-0.39%"
"04/30/2020","0.03355","0.03351","0.03370","0.03343","","0.18%"
"04/29/2020","0.03349","0.03336","0.03353","0.03333","","0.44%"
"04/28/2020","0.03334","0.03329","0.03349","0.03329","","0.20%"
"04/27/2020","0.03328","0.03323","0.03337","0.03320","","0.20%"
"04/24/2020","0.03321","0.03324","0.03329","0.03319","","-0.06%"
"04/23/2020","0.03323","0.03322","0.03331","0.03320","","0.07%"
"04/22/2020","0.03321","0.03323","0.03329","0.03319","","0.00%"
"04/21/2020","0.03321","0.03330","0.03330","0.03318","","-0.16%"
"04/20/2020","0.03327","0.03328","0.03334","0.03324","","0.02%"
"04/17/2020","0.03326","0.03320","0.03331","0.03319","","0.24%"
"04/16/2020","0.03318","0.03323","0.03328","0.03317","","-0.06%"
"04/15/2020","0.03320","0.03327","0.03338","0.03319","","-0.19%"
"04/14/2020","0.03327","0.03323","0.03332","0.03320","","0.13%"
"04/13/2020","0.03322","0.03329","0.03330","0.03318","","-0.11%"
"04/10/2020","0.03326","0.03325","0.03335","0.03322","","0.07%"
"04/09/2020","0.03324","0.03319","0.03332","0.03318","","0.16%"
"04/08/2020","0.03318","0.03323","0.03333","0.03317","","-0.06%"
"04/07/2020","0.03320","0.03310","0.03336","0.03308","","0.37%"
"04/06/2020","0.03308","0.03304","0.03315","0.03298","","0.12%"
"04/03/2020","0.03304","0.03311","0.03320","0.03297","","-0.16%"
"04/02/2020","0.03309","0.03301","0.03315","0.03298","","0.35%"
"04/01/2020","0.03298","0.03302","0.03309","0.03292","","-0.08%"
"03/31/2020","0.03300","0.03303","0.03313","0.03296","","0.02%"
"03/30/2020","0.03300","0.03312","0.03314","0.03297","","-0.31%"
"03/27/2020","0.03310","0.03309","0.03322","0.03303","","0.08%"
"03/26/2020","0.03308","0.03299","0.03313","0.03297","","0.29%"
"03/25/2020","0.03298","0.03315","0.03320","0.03297","","-0.50%"
"03/24/2020","0.03314","0.03302","0.03320","0.03295","","0.36%"
"03/23/2020","0.03303","0.03303","0.03309","0.03285","","0.05%"
"03/20/2020","0.03301","0.03281","0.03313","0.03281","","0.66%"
"03/19/2020","0.03279","0.03294","0.03300","0.03271","","-0.37%"
"03/18/2020","0.03292","0.03306","0.03317","0.03284","","-0.51%"
"03/17/2020","0.03309","0.03306","0.03313","0.03297","","0.10%"
"03/16/2020","0.03305","0.03317","0.03331","0.03301","","-0.33%"
"03/13/2020","0.03316","0.03313","0.03333","0.03297","","0.14%"
"03/12/2020","0.03312","0.03316","0.03327","0.03307","","-0.08%"
"03/11/2020","0.03314","0.03340","0.03348","0.03313","","-0.75%"
"03/10/2020","0.03339","0.03332","0.03351","0.03326","","0.22%"
"03/09/2020","0.03332","0.03343","0.03343","0.03318","","-0.28%"
"03/06/2020","0.03341","0.03338","0.03349","0.03334","","0.11%"
"03/05/2020","0.03337","0.03344","0.03351","0.03335","","-0.07%"
"03/04/2020","0.03340","0.03350","0.03355","0.03333","","-0.07%"
"03/03/2020","0.03342","0.03350","0.03362","0.03326","","-0.14%"
"03/02/2020","0.03347","0.03318","0.03350","0.03313","","0.91%"
"02/28/2020","0.03317","0.03306","0.03323","0.03294","","0.46%"
"02/27/2020","0.03301","0.03303","0.03320","0.03291","","0.02%"
"02/26/2020","0.03301","0.03287","0.03306","0.03284","","0.36%"
"02/25/2020","0.03289","0.03285","0.03299","0.03281","","0.11%"
"02/24/2020","0.03285","0.03279","0.03290","0.03275","","-0.08%"
"02/21/2020","0.03288","0.03290","0.03300","0.03275","","-0.07%"
"02/20/2020","0.03290","0.03314","0.03322","0.03281","","-0.68%"
"02/19/2020","0.03313","0.03321","0.03327","0.03312","","-0.19%"
"02/18/2020","0.03319","0.03331","0.03333","0.03314","","-0.29%"
"02/17/2020","0.03329","0.03331","0.03336","0.03328","","-0.03%"
"02/14/2020","0.03330","0.03332","0.03338","0.03327","","0.00%"
"02/13/2020","0.03330","0.03332","0.03345","0.03329","","-0.06%"
"02/12/2020","0.03332","0.03329","0.03343","0.03328","","0.14%"
"02/11/2020","0.03328","0.03323","0.03342","0.03322","","0.17%"
"02/10/2020","0.03322","0.03314","0.03330","0.03309","","0.28%"
"02/07/2020","0.03313","0.03324","0.03330","0.03309","","-0.29%"
"02/06/2020","0.03322","0.03328","0.03338","0.03320","","-0.18%"
"02/05/2020","0.03328","0.03322","0.03339","0.03312","","0.23%"
"02/04/2020","0.03321","0.03306","0.03324","0.03299","","0.47%"
"02/03/2020","0.03305","0.03294","0.03308","0.03290","","0.40%"
"01/31/2020","0.03292","0.03304","0.03316","0.03287","","-0.31%"
"01/30/2020","0.03303","0.03323","0.03331","0.03290","","-0.58%"
"01/29/2020","0.03322","0.03325","0.03333","0.03316","","-0.07%"
"01/28/2020","0.03324","0.03316","0.03327","0.03311","","0.36%"
"01/27/2020","0.03312","0.03328","0.03328","0.03312","","-0.45%"
"01/24/2020","0.03327","0.03328","0.03337","0.03323","","0.00%"
"01/23/2020","0.03327","0.03334","0.03341","0.03323","","-0.16%"
"01/22/2020","0.03332","0.03327","0.03341","0.03325","","0.21%"
"01/21/2020","0.03325","0.03337","0.03345","0.03325","","-0.31%"
"01/20/2020","0.03335","0.03337","0.03343","0.03334","","-0.02%"
"01/17/2020","0.03336","0.03341","0.03349","0.03335","","-0.11%"
"01/16/2020","0.03339","0.03340","0.03347","0.03337","","0.00%"
"01/15/2020","0.03339","0.03341","0.03350","0.03330","","-0.04%"
"01/14/2020","0.03341","0.03345","0.03351","0.03336","","-0.10%"
"01/13/2020","0.03344","0.03336","0.03350","0.03333","","0.30%"
"01/10/2020","0.03334","0.03336","0.03341","0.03331","","0.00%"
"01/09/2020","0.03335","0.03332","0.03345","0.03328","","0.20%"
"01/08/2020","0.03328","0.03327","0.03334","0.03317","","0.07%"
"01/07/2020","0.03326","0.03327","0.03335","0.03323","","0.02%"
"01/06/2020","0.03325","0.03327","0.03333","0.03320","","0.00%"
"01/03/2020","0.03325","0.03333","0.03338","0.03319","","-0.18%"
"01/02/2020","0.03331","0.03335","0.03337","0.03323","","-0.26%"
"01/01/2020","0.03340","0.03340","0.03340","0.03340","","-0.07%"
"12/31/2019","0.03342","0.03323","0.03347","0.03323","","0.63%"
"12/30/2019","0.03322","0.03322","0.03334","0.03321","","0.02%"
"12/27/2019","0.03321","0.03320","0.03331","0.03316","","0.02%"
"12/26/2019","0.03320","0.03325","0.03331","0.03315","","-0.11%"
"12/25/2019","0.03324","0.03316","0.03328","0.03315","","0.29%"
"12/24/2019","0.03314","0.03316","0.03322","0.03312","","0.00%"
"12/23/2019","0.03314","0.03319","0.03323","0.03310","","-0.10%"
"12/20/2019","0.03318","0.03316","0.03322","0.03311","","0.09%"
"12/19/2019","0.03315","0.03315","0.03319","0.03309","","0.04%"
"12/18/2019","0.03313","0.03316","0.03320","0.03309","","-0.02%"
"12/17/2019","0.03314","0.03322","0.03324","0.03312","","-0.14%"
"12/16/2019","0.03319","0.03308","0.03325","0.03304","","0.38%"
"12/13/2019","0.03306","0.03308","0.03318","0.03299","","0.00%"
"12/12/2019","0.03306","0.03287","0.03319","0.03284","","0.63%"
"12/11/2019","0.03285","0.03283","0.03290","0.03278","","0.11%"
"12/10/2019","0.03281","0.03282","0.03289","0.03276","","0.02%"
"12/09/2019","0.03281","0.03286","0.03286","0.03276","","-0.09%"
"12/06/2019","0.03284","0.03280","0.03288","0.03276","","0.14%"
"12/05/2019","0.03279","0.03279","0.03287","0.03274","","0.00%"
"12/04/2019","0.03279","0.03276","0.03285","0.03271","","0.10%"
"12/03/2019","0.03276","0.03280","0.03285","0.03269","","-0.02%"
"12/02/2019","0.03277","0.03275","0.03281","0.03274","","0.10%"
"11/29/2019","0.03274","0.03280","0.03286","0.03272","","-0.14%"
"11/28/2019","0.03278","0.03279","0.03285","0.03274","","0.07%"
"11/27/2019","0.03276","0.03277","0.03283","0.03272","","0.00%"
"11/26/2019","0.03276","0.03278","0.03283","0.03269","","0.00%"
"11/25/2019","0.03276","0.03271","0.03281","0.03270","","0.21%"
"11/22/2019","0.03269","0.03275","0.03284","0.03269","","-0.16%"
"11/21/2019","0.03274","0.03276","0.03283","0.03272","","0.00%"
"11/20/2019","0.03274","0.03275","0.03285","0.03271","","0.04%"
"11/19/2019","0.03273","0.03277","0.03285","0.03272","","-0.07%"
"11/18/2019","0.03276","0.03278","0.03283","0.03272","","-0.02%"
"11/15/2019","0.03276","0.03276","0.03285","0.03271","","0.02%"
"11/14/2019","0.03276","0.03275","0.03283","0.03269","","0.02%"
"11/13/2019","0.03275","0.03280","0.03291","0.03271","","-0.13%"
"11/12/2019","0.03279","0.03286","0.03294","0.03280","","-0.20%"
"11/11/2019","0.03286","0.03290","0.03292","0.03282","","-0.07%"
"11/08/2019","0.03288","0.03295","0.03304","0.03287","","-0.17%"
"11/07/2019","0.03294","0.03288","0.03302","0.03285","","0.21%"
"11/06/2019","0.03287","0.03288","0.03298","0.03286","","0.00%"
"11/05/2019","0.03287","0.03288","0.03297","0.03285","","-0.03%"
"11/04/2019","0.03288","0.03284","0.03292","0.03279","","0.17%"
"11/01/2019","0.03282","0.03279","0.03286","0.03274","","0.14%"
"10/31/2019","0.03278","0.03287","0.03295","0.03276","","-0.33%"
"10/30/2019","0.03289","0.03278","0.03292","0.03275","","0.38%"
"10/29/2019","0.03276","0.03271","0.03280","0.03269","","0.19%"
"10/28/2019","0.03270","0.03270","0.03275","0.03268","","0.06%"
"10/25/2019","0.03268","0.03267","0.03278","0.03266","","0.09%"
"10/24/2019","0.03265","0.03268","0.03278","0.03266","","-0.07%"
"10/23/2019","0.03268","0.03269","0.03280","0.03262","","0.00%"
"10/22/2019","0.03267","0.03275","0.03281","0.03266","","-0.20%"
"10/21/2019","0.03274","0.03273","0.03278","0.03269","","0.07%"
"10/18/2019","0.03271","0.03265","0.03276","0.03263","","0.25%"
"10/17/2019","0.03263","0.03258","0.03272","0.03255","","0.20%"
"10/16/2019","0.03256","0.03264","0.03280","0.03255","","-0.22%"
"10/15/2019","0.03264","0.03267","0.03275","0.03257","","-0.03%"
"10/14/2019","0.03265","0.03264","0.03274","0.03249","","0.08%"
"10/11/2019","0.03262","0.03263","0.03278","0.03258","","0.05%"
"10/10/2019","0.03260","0.03250","0.03266","0.03244","","0.36%"
"10/09/2019","0.03249","0.03243","0.03254","0.03238","","0.22%"
"10/08/2019","0.03241","0.03238","0.03253","0.03235","","0.21%"
"10/07/2019","0.03235","0.03237","0.03241","0.03229","","-0.03%"
"10/04/2019","0.03235","0.03227","0.03242","0.03223","","0.31%"
"10/03/2019","0.03225","0.03221","0.03232","0.03217","","0.17%"
"10/02/2019","0.03220","0.03218","0.03226","0.03215","","0.17%"
"10/01/2019","0.03214","0.03220","0.03225","0.03213","","-0.14%"
"09/30/2019","0.03219","0.03221","0.03224","0.03218","","-0.02%"
"09/27/2019","0.03219","0.03223","0.03232","0.03214","","-0.03%"
"09/26/2019","0.03221","0.03223","0.03230","0.03218","","0.00%"
"09/25/2019","0.03221","0.03221","0.03229","0.03215","","0.05%"
"09/24/2019","0.03219","0.03228","0.03233","0.03218","","-0.21%"
"09/23/2019","0.03226","0.03226","0.03232","0.03220","","0.03%"
"09/20/2019","0.03225","0.03225","0.03238","0.03223","","0.03%"
"09/19/2019","0.03224","0.03230","0.03235","0.03222","","-0.11%"
"09/18/2019","0.03227","0.03231","0.03241","0.03224","","-0.10%"
"09/17/2019","0.03230","0.03236","0.03237","0.03222","","-0.10%"
"09/16/2019","0.03234","0.03233","0.03239","0.03221","","0.07%"
"09/13/2019","0.03231","0.03234","0.03246","0.03229","","-0.03%"
"09/12/2019","0.03232","0.03212","0.03247","0.03211","","0.70%"
"09/11/2019","0.03210","0.03205","0.03215","0.03200","","0.20%"
"09/10/2019","0.03204","0.03203","0.03213","0.03197","","0.04%"
"09/09/2019","0.03202","0.03206","0.03210","0.03199","","-0.05%"
"09/06/2019","0.03204","0.03198","0.03211","0.03196","","0.25%"
"09/05/2019","0.03196","0.03198","0.03209","0.03192","","-0.02%"
"09/04/2019","0.03196","0.03188","0.03201","0.03183","","0.33%"
"09/03/2019","0.03186","0.03186","0.03191","0.03181","","0.05%"
"09/02/2019","0.03184","0.03192","0.03193","0.03182","","-0.18%"
"08/30/2019","0.03190","0.03193","0.03202","0.03184","","-0.03%"
"08/29/2019","0.03191","0.03182","0.03195","0.03178","","0.27%"
"08/28/2019","0.03182","0.03183","0.03192","0.03179","","0.03%"
"08/27/2019","0.03181","0.03186","0.03194","0.03181","","-0.08%"
"08/26/2019","0.03184","0.03181","0.03194","0.03172","","0.13%"
"08/23/2019","0.03180","0.03187","0.03198","0.03179","","-0.18%"
"08/22/2019","0.03185","0.03190","0.03196","0.03184","","-0.11%"
"08/21/2019","0.03189","0.03191","0.03197","0.03184","","0.00%"
"08/20/2019","0.03189","0.03187","0.03200","0.03183","","0.05%"
"08/19/2019","0.03187","0.03193","0.03195","0.03185","","-0.13%"
"08/16/2019","0.03192","0.03195","0.03201","0.03183","","-0.04%"
"08/15/2019","0.03193","0.03183","0.03196","0.03177","","0.36%"
"08/14/2019","0.03182","0.03209","0.03219","0.03176","","-0.81%"
"08/13/2019","0.03208","0.03180","0.03220","0.03173","","1.01%"
"08/12/2019","0.03176","0.03187","0.03192","0.03175","","-0.29%"
"08/09/2019","0.03185","0.03195","0.03208","0.03182","","-0.26%"
"08/08/2019","0.03193","0.03180","0.03206","0.03175","","0.45%"
"08/07/2019","0.03179","0.03178","0.03182","0.03168","","0.09%"
"08/06/2019","0.03176","0.03156","0.03186","0.03150","","0.66%"
"08/05/2019","0.03155","0.03178","0.03182","0.03150","","-0.67%"
"08/02/2019","0.03176","0.03191","0.03199","0.03173","","-0.40%"
"08/01/2019","0.03189","0.03206","0.03214","0.03188","","-0.55%"
"07/31/2019","0.03207","0.03216","0.03224","0.03205","","-0.24%"
"07/30/2019","0.03215","0.03216","0.03224","0.03214","","0.00%"
"07/29/2019","0.03214","0.03216","0.03220","0.03213","","0.00%"
"07/26/2019","0.03214","0.03216","0.03224","0.03213","","-0.02%"
"07/25/2019","0.03215","0.03215","0.03224","0.03214","","0.00%"
"07/24/2019","0.03215","0.03215","0.03224","0.03213","","0.02%"
"07/23/2019","0.03214","0.03218","0.03225","0.03214","","-0.09%"
"07/22/2019","0.03217","0.03221","0.03223","0.03215","","-0.09%"
"07/19/2019","0.03220","0.03229","0.03237","0.03218","","-0.20%"
"07/18/2019","0.03226","0.03219","0.03229","0.03209","","0.25%"
"07/17/2019","0.03218","0.03218","0.03225","0.03214","","0.04%"
"07/16/2019","0.03217","0.03220","0.03227","0.03216","","-0.07%"
"07/15/2019","0.03219","0.03220","0.03224","0.03214","","0.00%"
"07/12/2019","0.03219","0.03222","0.03229","0.03213","","-0.08%"
"07/11/2019","0.03221","0.03221","0.03227","0.03214","","0.08%"
"07/10/2019","0.03219","0.03207","0.03222","0.03207","","0.41%"
"07/09/2019","0.03206","0.03205","0.03210","0.03204","","0.03%"
"07/08/2019","0.03205","0.03207","0.03212","0.03204","","0.00%"
"07/05/2019","0.03205","0.03219","0.03223","0.03204","","-0.50%"
"07/04/2019","0.03221","0.03217","0.03222","0.03213","","0.19%"
"07/03/2019","0.03215","0.03229","0.03229","0.03212","","-0.25%"
"07/02/2019","0.03223","0.03225","0.03232","0.03219","","0.00%"
"07/01/2019","0.03223","0.03229","0.03237","0.03219","","-0.12%"
"06/28/2019","0.03227","0.03224","0.03236","0.03216","","0.18%"
"06/27/2019","0.03221","0.03219","0.03234","0.03212","","0.00%"
"06/26/2019","0.03221","0.03219","0.03228","0.03207","","0.18%"
"06/25/2019","0.03215","0.03231","0.03242","0.03212","","-0.46%"
"06/24/2019","0.03230","0.03230","0.03232","0.03216","","0.05%"
"06/21/2019","0.03229","0.03227","0.03240","0.03216","","0.03%"
"06/20/2019","0.03227","0.03205","0.03237","0.03205","","0.63%"
"06/19/2019","0.03207","0.03193","0.03214","0.03180","","0.50%"
"06/18/2019","0.03192","0.03174","0.03195","0.03171","","0.61%"
"06/17/2019","0.03172","0.03174","0.03176","0.03168","","0.00%"
"06/14/2019","0.03172","0.03177","0.03178","0.03171","","-0.11%"
"06/13/2019","0.03175","0.03181","0.03184","0.03173","","-0.17%"
"06/12/2019","0.03181","0.03186","0.03190","0.03180","","-0.13%"
"06/11/2019","0.03185","0.03185","0.03190","0.03181","","-0.05%"
"06/10/2019","0.03186","0.03188","0.03189","0.03177","","0.00%"
"06/07/2019","0.03186","0.03194","0.03198","0.03175","","-0.18%"
"06/06/2019","0.03192","0.03188","0.03197","0.03183","","0.15%"
"06/05/2019","0.03187","0.03186","0.03200","0.03181","","0.02%"
"06/04/2019","0.03187","0.03185","0.03190","0.03175","","0.11%"
"06/03/2019","0.03183","0.03171","0.03188","0.03165","","0.44%"
"05/31/2019","0.03169","0.03167","0.03173","0.03158","","0.10%"
"05/30/2019","0.03166","0.03167","0.03170","0.03158","","-0.03%"
"05/29/2019","0.03167","0.03170","0.03174","0.03158","","-0.06%"
"05/28/2019","0.03169","0.03179","0.03185","0.03170","","-0.29%"
"05/27/2019","0.03178","0.03176","0.03183","0.03174","","0.13%"
"05/24/2019","0.03174","0.03172","0.03180","0.03167","","0.14%"
"05/23/2019","0.03170","0.03180","0.03180","0.03166","","-0.27%"
"05/22/2019","0.03178","0.03179","0.03188","0.03169","","0.02%"
"05/21/2019","0.03178","0.03184","0.03188","0.03172","","-0.18%"
"05/20/2019","0.03183","0.03187","0.03199","0.03176","","-0.07%"
"05/17/2019","0.03185","0.03204","0.03211","0.03181","","-0.52%"
"05/16/2019","0.03202","0.03218","0.03219","0.03201","","-0.43%"
"05/15/2019","0.03216","0.03209","0.03220","0.03207","","0.25%"
"05/14/2019","0.03208","0.03213","0.03221","0.03203","","-0.15%"
"05/13/2019","0.03212","0.03231","0.03232","0.03202","","-0.52%"
"05/10/2019","0.03229","0.03224","0.03234","0.03222","","0.17%"
"05/09/2019","0.03224","0.03230","0.03235","0.03219","","-0.18%"
"05/08/2019","0.03229","0.03232","0.03237","0.03229","","-0.05%"
"05/07/2019","0.03231","0.03234","0.03238","0.03229","","-0.06%"
"05/06/2019","0.03233","0.03239","0.03241","0.03230","","-0.14%"
"05/03/2019","0.03238","0.03235","0.03241","0.03232","","0.13%"
"05/02/2019","0.03233","0.03232","0.03240","0.03232","","0.07%"
"05/01/2019","0.03231","0.03236","0.03240","0.03232","","-0.11%"
"04/30/2019","0.03235","0.03235","0.03241","0.03229","","0.02%"
"04/29/2019","0.03234","0.03234","0.03240","0.03232","","0.04%"
"04/26/2019","0.03233","0.03234","0.03240","0.03230","","0.02%"
"04/25/2019","0.03232","0.03234","0.03240","0.03226","","-0.04%"
"04/24/2019","0.03233","0.03239","0.03244","0.03233","","-0.13%"
"04/23/2019","0.03238","0.03242","0.03244","0.03238","","-0.07%"
"04/22/2019","0.03240","0.03245","0.03247","0.03240","","-0.10%"
"04/19/2019","0.03243","0.03243","0.03247","0.03241","","0.03%"
"04/18/2019","0.03242","0.03249","0.03254","0.03240","","-0.18%"
"04/17/2019","0.03248","0.03241","0.03250","0.03237","","0.30%"
"04/16/2019","0.03238","0.03239","0.03243","0.03237","","0.02%"
"04/15/2019","0.03237","0.03242","0.03245","0.03238","","-0.10%"
"04/12/2019","0.03240","0.03240","0.03245","0.03237","","0.06%"
"04/11/2019","0.03238","0.03243","0.03245","0.03239","","-0.12%"
"04/10/2019","0.03242","0.03244","0.03245","0.03240","","0.00%"
"04/09/2019","0.03242","0.03243","0.03246","0.03239","","-0.02%"
"04/08/2019","0.03242","0.03246","0.03247","0.03237","","-0.08%"
"04/05/2019","0.03245","0.03244","0.03248","0.03240","","0.00%"
"04/04/2019","0.03244","0.03247","0.03247","0.03240","","0.00%"
"04/03/2019","0.03245","0.03242","0.03250","0.03241","","0.12%"
"04/02/2019","0.03241","0.03247","0.03249","0.03238","","-0.12%"
"04/01/2019","0.03245","0.03241","0.03250","0.03239","","0.16%"
"03/29/2019","0.03240","0.03240","0.03246","0.03238","","0.02%"
"03/28/2019","0.03239","0.03240","0.03243","0.03235","","0.06%"
"03/27/2019","0.03237","0.03241","0.03245","0.03235","","-0.09%"
"03/26/2019","0.03240","0.03242","0.03248","0.03238","","-0.06%"
"03/25/2019","0.03241","0.03238","0.03247","0.03237","","0.15%"
"03/22/2019","0.03237","0.03246","0.03249","0.03237","","-0.22%"
"03/21/2019","0.03244","0.03250","0.03254","0.03241","","-0.19%"
"03/20/2019","0.03250","0.03246","0.03258","0.03241","","0.19%"
"03/19/2019","0.03244","0.03248","0.03251","0.03242","","-0.11%"
"03/18/2019","0.03247","0.03240","0.03251","0.03235","","0.27%"
"03/15/2019","0.03238","0.03234","0.03242","0.03232","","0.22%"
"03/14/2019","0.03231","0.03235","0.03239","0.03232","","-0.06%"
"03/13/2019","0.03233","0.03236","0.03240","0.03232","","-0.05%"
"03/12/2019","0.03235","0.03235","0.03241","0.03232","","0.05%"
"03/11/2019","0.03233","0.03236","0.03238","0.03233","","-0.04%"
"03/08/2019","0.03235","0.03234","0.03239","0.03232","","0.06%"
"03/07/2019","0.03233","0.03242","0.03244","0.03232","","-0.25%"
"03/06/2019","0.03241","0.03242","0.03245","0.03238","","0.00%"
"03/05/2019","0.03240","0.03243","0.03246","0.03240","","-0.03%"
"03/04/2019","0.03241","0.03241","0.03248","0.03241","","0.04%"
"03/01/2019","0.03240","0.03244","0.03247","0.03241","","-0.09%"
"02/28/2019","0.03243","0.03248","0.03249","0.03242","","-0.11%"
"02/27/2019","0.03246","0.03250","0.03253","0.03243","","-0.05%"
"02/26/2019","0.03248","0.03250","0.03254","0.03245","","-0.06%"
"02/25/2019","0.03250","0.03250","0.03260","0.03240","","0.00%"
"02/22/2019","0.03250","0.03240","0.03260","0.03240","","0.15%"
"02/21/2019","0.03245","0.03255","0.03255","0.03245","","-0.15%"
"02/20/2019","0.03250","0.03250","0.03250","0.03240","","0.00%"
"02/19/2019","0.03250","0.03240","0.03250","0.03240","","0.31%"
"02/18/2019","0.03240","0.03240","0.03250","0.03240","","-0.15%"
"02/15/2019","0.03245","0.03245","0.03245","0.03245","","0.15%"
"02/14/2019","0.03240","0.03240","0.03240","0.03240","","0.00%"
"02/13/2019","0.03240","0.03240","0.03250","0.03240","","-0.15%"
"02/12/2019","0.03245","0.03245","0.03255","0.03245","","0.15%"
"02/11/2019","0.03240","0.03240","0.03250","0.03240","","0.00%"
"02/08/2019","0.03240","0.03240","0.03250","0.03240","","-0.15%"
"02/07/2019","0.03245","0.03255","0.03255","0.03245","","-0.15%"
"02/06/2019","0.03250","0.03250","0.03250","0.03240","","0.00%"
"02/05/2019","0.03250","0.03250","0.03250","0.03240","","0.00%"
"02/04/2019","0.03250","0.03250","0.03250","0.03240","","0.00%"
"02/01/2019","0.03250","0.03260","0.03260","0.03250","","-0.31%"
"01/31/2019","0.03260","0.03250","0.03260","0.03250","","0.15%"
"01/30/2019","0.03255","0.03255","0.03265","0.03245","","0.15%"
"01/29/2019","0.03250","0.03250","0.03250","0.03240","","0.00%"
"01/28/2019","0.03250","0.03250","0.03260","0.03240","","-0.15%"
"01/25/2019","0.03255","0.03245","0.03265","0.03235","","0.46%"
"01/24/2019","0.03240","0.03240","0.03240","0.03230","","0.00%"
"01/23/2019","0.03240","0.03240","0.03240","0.03230","","0.00%"
"01/22/2019","0.03240","0.03230","0.03240","0.03230","","0.15%"
"01/21/2019","0.03235","0.03245","0.03245","0.03235","","-0.15%"
"01/18/2019","0.03240","0.03240","0.03240","0.03240","","0.00%"
"01/17/2019","0.03240","0.03240","0.03250","0.03240","","-0.15%"
"01/16/2019","0.03245","0.03245","0.03255","0.03245","","0.15%"
"01/15/2019","0.03240","0.03240","0.03250","0.03240","","0.00%"
"01/14/2019","0.03240","0.03240","0.03250","0.03240","","-0.31%"
"01/11/2019","0.03250","0.03250","0.03260","0.03240","","0.00%"
"01/10/2019","0.03250","0.03250","0.03250","0.03240","","0.00%"
"01/09/2019","0.03250","0.03240","0.03250","0.03240","","0.31%"
"01/08/2019","0.03240","0.03240","0.03250","0.03240","","-0.15%"
"01/07/2019","0.03245","0.03255","0.03255","0.03245","","-0.15%"
"01/04/2019","0.03250","0.03230","0.03250","0.03230","","0.46%"
"01/03/2019","0.03235","0.03255","0.03255","0.03235","","-0.46%"
"01/02/2019","0.03250","0.03270","0.03280","0.03240","","-0.76%"
"01/01/2019","0.03275","0.03275","0.03275","0.03265","","0.15%"
"12/31/2018","0.03270","0.03270","0.03280","0.03260","","0.00%"
"12/28/2018","0.03270","0.03250","0.03280","0.03250","","0.62%"
"12/27/2018","0.03250","0.03240","0.03250","0.03240","","0.00%"
"12/26/2018","0.03250","0.03250","0.03250","0.03240","","0.15%"
"12/25/2018","0.03245","0.03245","0.03255","0.03245","","0.00%"
"12/24/2018","0.03245","0.03255","0.03255","0.03245","","0.00%"
"12/21/2018","0.03245","0.03255","0.03265","0.03245","","-0.15%"
"12/20/2018","0.03250","0.03240","0.03250","0.03240","","0.31%"
"12/19/2018","0.03240","0.03250","0.03260","0.03240","","-0.15%"
"12/18/2018","0.03245","0.03245","0.03255","0.03245","","0.15%"
"12/17/2018","0.03240","0.03240","0.03250","0.03240","","0.00%"
"12/14/2018","0.03240","0.03240","0.03240","0.03230","","0.00%"
"12/13/2018","0.03240","0.03250","0.03260","0.03240","","-0.31%"
"12/12/2018","0.03250","0.03240","0.03250","0.03240","","0.31%"
"12/11/2018","0.03240","0.03230","0.03250","0.03230","","0.31%"
"12/10/2018","0.03230","0.03230","0.03240","0.03230","","0.00%"
"12/07/2018","0.03230","0.03240","0.03250","0.03230","","-0.31%"
"12/06/2018","0.03240","0.03250","0.03250","0.03230","","-0.31%"
"12/05/2018","0.03250","0.03250","0.03260","0.03240","","0.00%"
"12/04/2018","0.03250","0.03260","0.03270","0.03250","","-0.31%"
"12/03/2018","0.03260","0.03240","0.03260","0.03240","","0.62%"
"11/30/2018","0.03240","0.03250","0.03260","0.03240","","-0.31%"
"11/29/2018","0.03250","0.03240","0.03260","0.03240","","0.15%"
"11/28/2018","0.03245","0.03235","0.03255","0.03235","","0.15%"
"11/27/2018","0.03240","0.03230","0.03240","0.03230","","0.00%"
"11/26/2018","0.03240","0.03230","0.03240","0.03230","","0.31%"
"11/23/2018","0.03230","0.03240","0.03250","0.03230","","-0.31%"
"11/22/2018","0.03240","0.03240","0.03250","0.03230","","0.00%"
"11/21/2018","0.03240","0.03230","0.03250","0.03220","","0.31%"
"11/20/2018","0.03230","0.03230","0.03240","0.03230","","-0.15%"
"11/19/2018","0.03235","0.03255","0.03255","0.03235","","-0.46%"
"11/16/2018","0.03250","0.03240","0.03250","0.03230","","0.15%"
"11/15/2018","0.03245","0.03245","0.03255","0.03235","","0.15%"
"11/14/2018","0.03240","0.03240","0.03250","0.03230","","0.00%"
"11/13/2018","0.03240","0.03230","0.03240","0.03230","","0.31%"
"11/12/2018","0.03230","0.03250","0.03250","0.03230","","-0.62%"
"11/09/2018","0.03250","0.03260","0.03270","0.03250","","-0.31%"
"11/08/2018","0.03260","0.03270","0.03270","0.03250","","-0.31%"
"11/07/2018","0.03270","0.03250","0.03270","0.03250","","0.62%"
"11/06/2018","0.03250","0.03250","0.03260","0.03250","","-0.15%"
"11/05/2018","0.03255","0.03265","0.03275","0.03255","","-0.31%"
"11/02/2018","0.03265","0.03255","0.03295","0.03255","","0.46%"
"11/01/2018","0.03250","0.03230","0.03260","0.03230","","0.62%"
"10/31/2018","0.03230","0.03230","0.03240","0.03220","","0.00%"
"10/30/2018","0.03230","0.03220","0.03230","0.03220","","0.16%"
"10/29/2018","0.03225","0.03235","0.03235","0.03225","","-0.15%"
"10/26/2018","0.03230","0.03230","0.03240","0.03220","","0.00%"
"10/25/2018","0.03230","0.03230","0.03230","0.03220","","0.16%"
"10/24/2018","0.03225","0.03235","0.03245","0.03225","","-0.15%"
"10/23/2018","0.03230","0.03230","0.03240","0.03220","","0.00%"
"10/22/2018","0.03230","0.03230","0.03240","0.03220","","-0.15%"
"10/19/2018","0.03235","0.03235","0.03245","0.03225","","0.31%"
"10/18/2018","0.03225","0.03245","0.03245","0.03225","","-0.46%"
"10/17/2018","0.03240","0.03250","0.03260","0.03240","","-0.31%"
"10/16/2018","0.03250","0.03240","0.03250","0.03240","","0.31%"
"10/15/2018","0.03240","0.03230","0.03250","0.03230","","0.15%"
"10/12/2018","0.03235","0.03235","0.03255","0.03225","","0.15%"
"10/11/2018","0.03230","0.03210","0.03230","0.03210","","0.47%"
"10/10/2018","0.03215","0.03235","0.03235","0.03215","","-0.46%"
"10/09/2018","0.03230","0.03230","0.03230","0.03220","","0.00%"
"10/08/2018","0.03230","0.03230","0.03240","0.03220","","0.00%"
"10/05/2018","0.03230","0.03240","0.03250","0.03230","","-0.31%"
"10/04/2018","0.03240","0.03250","0.03250","0.03240","","-0.31%"
"10/03/2018","0.03250","0.03260","0.03260","0.03250","","-0.31%"
"10/02/2018","0.03260","0.03270","0.03280","0.03260","","-0.31%"
"10/01/2018","0.03270","0.03280","0.03280","0.03270","","-0.30%"
"09/28/2018","0.03280","0.03270","0.03280","0.03270","","0.15%"
"09/27/2018","0.03275","0.03265","0.03285","0.03265","","0.46%"
"09/26/2018","0.03260","0.03260","0.03270","0.03260","","0.00%"
"09/25/2018","0.03260","0.03260","0.03270","0.03250","","0.15%"
"09/24/2018","0.03255","0.03265","0.03265","0.03255","","-0.15%"
"09/21/2018","0.03260","0.03250","0.03270","0.03250","","0.15%"
"09/20/2018","0.03255","0.03255","0.03265","0.03245","","0.15%"
"09/19/2018","0.03250","0.03250","0.03250","0.03240","","0.00%"
"09/18/2018","0.03250","0.03240","0.03250","0.03240","","0.15%"
"09/17/2018","0.03245","0.03255","0.03255","0.03245","","-0.15%"
"09/14/2018","0.03250","0.03250","0.03260","0.03240","","0.00%"
"09/13/2018","0.03250","0.03250","0.03260","0.03240","","-0.15%"
"09/12/2018","0.03255","0.03255","0.03255","0.03245","","0.15%"
"09/11/2018","0.03250","0.03240","0.03250","0.03240","","0.15%"
"09/10/2018","0.03245","0.03245","0.03255","0.03245","","0.00%"
"09/07/2018","0.03245","0.03255","0.03265","0.03245","","-0.15%"
"09/06/2018","0.03250","0.03250","0.03260","0.03240","","0.00%"
"09/05/2018","0.03250","0.03250","0.03250","0.03240","","0.00%"
"09/04/2018","0.03250","0.03250","0.03260","0.03240","","-0.15%"
"09/03/2018","0.03255","0.03265","0.03265","0.03255","","-0.15%"
"08/31/2018","0.03260","0.03250","0.03260","0.03250","","0.31%"
"08/30/2018","0.03250","0.03260","0.03270","0.03250","","-0.31%"
"08/29/2018","0.03260","0.03260","0.03270","0.03250","","0.00%"
"08/28/2018","0.03260","0.03260","0.03260","0.03250","","0.00%"
"08/27/2018","0.03260","0.03260","0.03260","0.03250","","0.00%"
"08/24/2018","0.03260","0.03240","0.03260","0.03240","","0.62%"
"08/23/2018","0.03240","0.03260","0.03260","0.03240","","-0.61%"
"08/22/2018","0.03260","0.03260","0.03260","0.03250","","0.00%"
"08/21/2018","0.03260","0.03250","0.03260","0.03250","","0.15%"
"08/20/2018","0.03255","0.03255","0.03265","0.03245","","0.00%"
"08/17/2018","0.03255","0.03255","0.03265","0.03245","","0.15%"
"08/16/2018","0.03250","0.03240","0.03250","0.03240","","0.31%"
"08/15/2018","0.03240","0.03240","0.03250","0.03230","","-0.15%"
"08/14/2018","0.03245","0.03245","0.03255","0.03245","","0.15%"
"08/13/2018","0.03240","0.03250","0.03260","0.03240","","-0.31%"
"08/10/2018","0.03250","0.03260","0.03270","0.03250","","-0.31%"
"08/09/2018","0.03260","0.03270","0.03270","0.03260","","-0.31%"
"08/08/2018","0.03270","0.03270","0.03280","0.03260","","0.00%"
"08/07/2018","0.03270","0.03260","0.03280","0.03260","","0.31%"
"08/06/2018","0.03260","0.03270","0.03270","0.03260","","-0.31%"
"08/03/2018","0.03270","0.03250","0.03270","0.03250","","0.46%"
"08/02/2018","0.03255","0.03275","0.03275","0.03255","","-0.31%"
"08/01/2018","0.03265","0.03275","0.03275","0.03265","","-0.15%"
"07/31/2018","0.03270","0.03270","0.03280","0.03260","","0.00%"
"07/30/2018","0.03270","0.03270","0.03270","0.03260","","0.00%"
"07/27/2018","0.03270","0.03270","0.03280","0.03260","","0.00%"
"07/26/2018","0.03270","0.03280","0.03290","0.03260","","-0.30%"
"07/25/2018","0.03280","0.03260","0.03280","0.03260","","0.46%"
"07/24/2018","0.03265","0.03265","0.03275","0.03255","","0.00%"
"07/23/2018","0.03265","0.03275","0.03275","0.03265","","-0.15%"
"07/20/2018","0.03270","0.03260","0.03270","0.03250","","0.31%"
"07/19/2018","0.03260","0.03270","0.03270","0.03250","","-0.31%"
"07/18/2018","0.03270","0.03270","0.03280","0.03260","","-0.15%"
"07/17/2018","0.03275","0.03275","0.03285","0.03275","","0.00%"
"07/16/2018","0.03275","0.03275","0.03285","0.03275","","0.15%"
"07/13/2018","0.03270","0.03280","0.03280","0.03260","","-0.30%"
"07/12/2018","0.03280","0.03260","0.03280","0.03260","","0.61%"
"07/11/2018","0.03260","0.03290","0.03300","0.03260","","-1.06%"
"07/10/2018","0.03295","0.03305","0.03305","0.03285","","-0.15%"
"07/09/2018","0.03300","0.03280","0.03300","0.03280","","0.46%"
"07/06/2018","0.03285","0.03285","0.03295","0.03275","","0.15%"
"07/05/2018","0.03280","0.03280","0.03280","0.03270","","0.00%"
"07/04/2018","0.03280","0.03270","0.03280","0.03270","","0.31%"
"07/03/2018","0.03270","0.03270","0.03280","0.03260","","-0.15%"
"07/02/2018","0.03275","0.03285","0.03295","0.03275","","-0.15%"
"06/29/2018","0.03280","0.03270","0.03290","0.03260","","0.31%"
"06/28/2018","0.03270","0.03270","0.03280","0.03260","","-0.15%"
"06/27/2018","0.03275","0.03295","0.03295","0.03275","","-0.46%"
"06/26/2018","0.03290","0.03290","0.03300","0.03280","","0.00%"
"06/25/2018","0.03290","0.03300","0.03300","0.03280","","-0.30%"
"06/22/2018","0.03300","0.03300","0.03310","0.03290","","0.00%"
"06/21/2018","0.03300","0.03310","0.03320","0.03280","","-0.30%"
"06/20/2018","0.03310","0.03310","0.03320","0.03300","","0.00%"
"06/19/2018","0.03310","0.03310","0.03320","0.03300","","-0.15%"
"06/18/2018","0.03315","0.03325","0.03335","0.03315","","-0.15%"
"06/15/2018","0.03320","0.03340","0.03350","0.03310","","-0.60%"
"06/14/2018","0.03340","0.03350","0.03360","0.03340","","-0.30%"
"06/13/2018","0.03350","0.03350","0.03360","0.03340","","0.00%"
"06/12/2018","0.03350","0.03350","0.03350","0.03340","","0.00%"
"06/11/2018","0.03350","0.03350","0.03360","0.03340","","0.00%"
"06/08/2018","0.03350","0.03360","0.03360","0.03340","","-0.30%"
"06/07/2018","0.03360","0.03370","0.03380","0.03360","","-0.15%"
"06/06/2018","0.03365","0.03355","0.03375","0.03355","","0.30%"
"06/05/2018","0.03355","0.03365","0.03375","0.03355","","-0.15%"
"06/04/2018","0.03360","0.03350","0.03370","0.03350","","0.15%"
"06/01/2018","0.03355","0.03335","0.03365","0.03335","","0.60%"
"05/31/2018","0.03335","0.03345","0.03355","0.03335","","-0.15%"
"05/30/2018","0.03340","0.03320","0.03340","0.03310","","0.45%"
"05/29/2018","0.03325","0.03345","0.03345","0.03325","","-0.45%"
"05/28/2018","0.03340","0.03340","0.03350","0.03330","","0.00%"
"05/25/2018","0.03340","0.03340","0.03340","0.03330","","0.00%"
"05/24/2018","0.03340","0.03340","0.03340","0.03330","","0.00%"
"05/23/2018","0.03340","0.03350","0.03350","0.03330","","-0.15%"
"05/22/2018","0.03345","0.03345","0.03355","0.03345","","0.00%"
"05/21/2018","0.03345","0.03345","0.03355","0.03335","","0.15%"
"05/18/2018","0.03340","0.03340","0.03350","0.03330","","0.00%"
"05/17/2018","0.03340","0.03350","0.03350","0.03340","","-0.30%"
"05/16/2018","0.03350","0.03340","0.03350","0.03340","","0.30%"
"05/15/2018","0.03340","0.03360","0.03360","0.03340","","-0.30%"
"05/14/2018","0.03350","0.03370","0.03370","0.03350","","-0.30%"
"05/11/2018","0.03360","0.03360","0.03370","0.03350","","-0.15%"
"05/10/2018","0.03365","0.03345","0.03375","0.03335","","0.75%"
"05/09/2018","0.03340","0.03350","0.03350","0.03340","","-0.45%"
"05/08/2018","0.03355","0.03355","0.03365","0.03355","","0.15%"
"05/07/2018","0.03350","0.03360","0.03370","0.03350","","-0.59%"
"05/04/2018","0.03370","0.03370","0.03370","0.03350","","0.00%"
"05/03/2018","0.03370","0.03360","0.03370","0.03350","","0.30%"
"05/02/2018","0.03360","0.03370","0.03370","0.03350","","-0.30%"
"05/01/2018","0.03370","0.03370","0.03380","0.03360","","-0.15%"
"04/30/2018","0.03375","0.03385","0.03395","0.03375","","-0.15%"
"04/27/2018","0.03380","0.03370","0.03380","0.03360","","0.30%"
"04/26/2018","0.03370","0.03370","0.03380","0.03360","","0.00%"
"04/25/2018","0.03370","0.03380","0.03380","0.03360","","-0.15%"
"04/24/2018","0.03375","0.03385","0.03385","0.03375","","-0.15%"
"04/23/2018","0.03380","0.03400","0.03400","0.03370","","-0.44%"
"04/20/2018","0.03395","0.03405","0.03415","0.03395","","-0.15%"
"04/19/2018","0.03400","0.03410","0.03410","0.03400","","-0.29%"
"04/18/2018","0.03410","0.03400","0.03410","0.03400","","0.15%"
"04/17/2018","0.03405","0.03405","0.03415","0.03405","","0.00%"
"04/16/2018","0.03405","0.03415","0.03415","0.03405","","-0.15%"
"04/13/2018","0.03410","0.03410","0.03420","0.03400","","-0.15%"